Date_Param,Semua Provinsi,Aceh,Sumatera Utara,Sumatera Barat,Riau,Kepulauan Riau,Jambi,Bengkulu,Sumatera Selatan,Kepulauan Bangka Belitung,Lampung,Banten,Jawa Barat,DKI Jakarta,Jawa Tengah,DI Yogyakarta,Jawa Timur,Bali,Nusa Tenggara Barat,Nusa Tenggara Timur,Kalimantan Barat,Kalimantan Selatan,Kalimantan Tengah,Kalimantan Timur,Kalimantan Utara,Gorontalo,Sulawesi Selatan,Sulawesi Tenggara,Sulawesi Tengah,Sulawesi Utara,Sulawesi Barat,Maluku,Maluku Utara,Papua,Papua Barat
2026-02-13,66300.0,50000.0,45250.0,50950.0,73900.0,36400.0,53100.0,61950.0,62200.0,74950.0,62150.0,77350.0,66750.0,67950.0,60950.0,72400.0,55550.0,70900.0,64900.0,84900.0,69900.0,78400.0,66450.0,89900.0,43500.0,69950.0,61400.0,74450.0,72450.0,49250.0,42500.0,94500.0,95950.0,74050.0,79000.0
2026-02-14,66300.0,50000.0,45250.0,50950.0,73900.0,36400.0,53100.0,61950.0,62200.0,74950.0,62150.0,77350.0,66750.0,67950.0,60950.0,72400.0,55550.0,70900.0,64900.0,84900.0,69900.0,78400.0,66450.0,89900.0,43500.0,69950.0,61400.0,74450.0,72450.0,49250.0,42500.0,94500.0,95950.0,74050.0,79000.0
2026-02-15,66300.0,50000.0,45250.0,50950.0,73900.0,36400.0,53100.0,61950.0,62200.0,74950.0,62150.0,77350.0,66750.0,67950.0,60950.0,72400.0,55550.0,70900.0,64900.0,84900.0,69900.0,78400.0,66450.0,89900.0,43500.0,69950.0,61400.0,74450.0,72450.0,49250.0,42500.0,94500.0,95950.0,74050.0,79000.0
2026-02-16,66300.0,50000.0,45250.0,50950.0,73900.0,36400.0,53100.0,61950.0,62200.0,74950.0,62150.0,77350.0,66750.0,67950.0,60950.0,72400.0,55550.0,70900.0,64900.0,84900.0,69900.0,78400.0,66450.0,89900.0,43500.0,69950.0,61400.0,74450.0,72450.0,49250.0,42500.0,94500.0,95950.0,74050.0,79000.0
2026-02-17,66050.0,50000.0,45500.0,50950.0,73900.0,39200.0,53100.0,63450.0,62200.0,74950.0,62250.0,78950.0,66950.0,67950.0,61250.0,72400.0,55400.0,66700.0,67350.0,84900.0,69900.0,78400.0,66450.0,89900.0,43500.0,69950.0,61400.0,62950.0,72450.0,49250.0,41250.0,94500.0,95950.0,74050.0,79000.0
2026-02-18,65600.0,50000.0,46250.0,50450.0,73900.0,36400.0,53100.0,63450.0,62200.0,64950.0,62250.0,78950.0,66950.0,67950.0,61800.0,72400.0,56700.0,62500.0,67350.0,84900.0,74900.0,78400.0,66450.0,89900.0,43500.0,54750.0,61400.0,62950.0,72450.0,49250.0,42500.0,94500.0,95950.0,72550.0,76650.0
2026-02-19,65250.0,50000.0,46250.0,50450.0,73900.0,36400.0,52600.0,63450.0,62200.0,64950.0,62250.0,78950.0,66950.0,67950.0,61800.0,72400.0,56700.0,62500.0,67350.0,84900.0,74900.0,78400.0,66450.0,89900.0,43500.0,54750.0,61400.0,62950.0,72450.0,49250.0,42500.0,94500.0,95950.0,72550.0,76650.0
2026-02-20,65250.0,50000.0,46250.0,50450.0,73900.0,36400.0,52600.0,63450.0,62200.0,64950.0,62250.0,78950.0,66950.0,67950.0,61800.0,72400.0,56700.0,62500.0,67350.0,84900.0,74900.0,78400.0,66450.0,89900.0,43500.0,54750.0,61400.0,62950.0,72450.0,49250.0,42500.0,94500.0,95950.0,72550.0,76650.0
2026-02-21,65250.0,50000.0,46250.0,50450.0,73900.0,36400.0,52600.0,63450.0,62200.0,64950.0,62250.0,78950.0,66950.0,67950.0,61800.0,72400.0,56700.0,62500.0,67350.0,84900.0,74900.0,78400.0,66450.0,89900.0,43500.0,54750.0,61400.0,62950.0,72450.0,49250.0,42500.0,94500.0,95950.0,72550.0,76650.0
2026-02-22,65250.0,50000.0,46250.0,50450.0,73900.0,36400.0,52600.0,63450.0,62200.0,64950.0,62250.0,78950.0,66950.0,67950.0,61800.0,72400.0,56700.0,62500.0,67350.0,84900.0,74900.0,78400.0,66450.0,89900.0,43500.0,54750.0,61400.0,62950.0,72450.0,49250.0,42500.0,94500.0,95950.0,72550.0,76650.0
2026-02-23,65150.0,50000.0,44000.0,50450.0,73900.0,36400.0,52600.0,63450.0,62200.0,64950.0,62250.0,78950.0,66950.0,67950.0,61800.0,72400.0,56700.0,62500.0,67350.0,84900.0,74900.0,78400.0,66450.0,89900.0,43500.0,54750.0,61400.0,62950.0,72450.0,49250.0,42500.0,94500.0,95950.0,72550.0,76650.0
2026-02-24,64650.0,50000.0,43250.0,50450.0,73900.0,39200.0,52600.0,59450.0,64450.0,64950.0,62250.0,77350.0,68950.0,66150.0,61650.0,72400.0,56650.0,62500.0,67350.0,84900.0,74900.0,66400.0,63450.0,89900.0,43500.0,54750.0,61400.0,62950.0,72450.0,49250.0,41250.0,94500.0,95950.0,72550.0,76650.0
2026-02-25,64050.0,50000.0,43250.0,50450.0,73900.0,34700.0,52600.0,59450.0,64450.0,71700.0,62250.0,77350.0,68950.0,66150.0,63000.0,72400.0,55850.0,62500.0,67350.0,84900.0,74900.0,66400.0,63450.0,89900.0,40500.0,50750.0,61400.0,62950.0,64950.0,47750.0,42500.0,94500.0,95950.0,69050.0,71750.0
2026-02-26,63900.0,50000.0,43250.0,50450.0,73900.0,34700.0,52600.0,59450.0,64450.0,71700.0,62250.0,77350.0,68950.0,66150.0,63000.0,72400.0,55850.0,62500.0,67350.0,84900.0,74900.0,66400.0,63450.0,89900.0,35500.0,50750.0,61400.0,62950.0,64950.0,47750.0,42500.0,94500.0,95950.0,69050.0,71750.0
2026-02-27,63900.0,50000.0,43250.0,50450.0,73900.0,34700.0,52600.0,59450.0,64450.0,71700.0,62250.0,77350.0,68950.0,66150.0,63000.0,72400.0,55850.0,62500.0,67350.0,84900.0,74900.0,66400.0,63450.0,89900.0,35500.0,50750.0,61400.0,62950.0,64950.0,47750.0,42500.0,94500.0,95950.0,69050.0,71750.0
2026-02-28,63900.0,50000.0,43250.0,50450.0,73900.0,34700.0,52600.0,59450.0,64450.0,71700.0,62250.0,77350.0,68950.0,66150.0,63000.0,72400.0,55850.0,62500.0,67350.0,84900.0,74900.0,66400.0,63450.0,89900.0,35500.0,50750.0,61400.0,62950.0,64950.0,47750.0,42500.0,94500.0,95950.0,69050.0,71750.0
2026-03-01,63900.0,50000.0,43250.0,50450.0,73900.0,34700.0,52600.0,59450.0,64450.0,71700.0,62250.0,77350.0,68950.0,66150.0,63000.0,72400.0,55850.0,62500.0,67350.0,84900.0,74900.0,66400.0,63450.0,89900.0,35500.0,50750.0,61400.0,62950.0,64950.0,47750.0,42500.0,94500.0,95950.0,69050.0,71750.0
2026-03-02,63900.0,50000.0,43250.0,50450.0,73900.0,34700.0,52600.0,59450.0,64450.0,71700.0,62250.0,77350.0,68950.0,66150.0,63000.0,72400.0,55850.0,62500.0,67350.0,84900.0,74900.0,66400.0,63450.0,89900.0,35500.0,50750.0,61400.0,62950.0,64950.0,47750.0,42500.0,94500.0,95950.0,69050.0,71750.0
2026-03-03,63350.0,50000.0,43250.0,50450.0,66400.0,36700.0,52600.0,59450.0,62400.0,71700.0,62250.0,76050.0,67550.0,68650.0,63300.0,72400.0,55800.0,62500.0,67350.0,84900.0,74900.0,66400.0,63450.0,89900.0,35500.0,50750.0,61400.0,62950.0,64950.0,47750.0,41250.0,84700.0,95950.0,69050.0,71750.0
2026-03-04,64200.0,50000.0,43250.0,50450.0,66400.0,34700.0,52600.0,59450.0,62400.0,71700.0,62250.0,76050.0,67550.0,68650.0,63950.0,72400.0,55200.0,62950.0,67350.0,84900.0,74900.0,66400.0,63450.0,89900.0,43500.0,50750.0,61400.0,62950.0,79900.0,50000.0,42500.0,84700.0,95950.0,69350.0,75500.0
2026-03-05,64200.0,50000.0,43250.0,50450.0,66400.0,34700.0,52600.0,59450.0,62400.0,71700.0,62250.0,76050.0,67550.0,68650.0,63950.0,72400.0,55200.0,62950.0,67350.0,84900.0,74900.0,66400.0,63450.0,89900.0,43500.0,50750.0,61400.0,62950.0,79900.0,50000.0,42500.0,84700.0,95950.0,69350.0,75500.0
2026-03-06,64200.0,50000.0,43250.0,50450.0,66400.0,34700.0,52600.0,59450.0,62400.0,71700.0,62250.0,76050.0,67550.0,68650.0,63950.0,72400.0,55200.0,62950.0,67350.0,84900.0,74900.0,66400.0,63450.0,89900.0,43500.0,50750.0,61400.0,62950.0,79900.0,50000.0,42500.0,84700.0,95950.0,69350.0,75500.0
2026-03-07,64200.0,50000.0,43250.0,50450.0,66400.0,34700.0,52600.0,59450.0,62400.0,71700.0,62250.0,76050.0,67550.0,68650.0,63950.0,72400.0,55200.0,62950.0,67350.0,84900.0,74900.0,66400.0,63450.0,89900.0,43500.0,50750.0,61400.0,62950.0,79900.0,50000.0,42500.0,84700.0,95950.0,69350.0,75500.0
2026-03-08,64200.0,50000.0,43250.0,50450.0,66400.0,34700.0,52600.0,59450.0,62400.0,71700.0,62250.0,76050.0,67550.0,68650.0,63950.0,72400.0,55200.0,62950.0,67350.0,84900.0,74900.0,66400.0,63450.0,89900.0,43500.0,50750.0,61400.0,62950.0,79900.0,50000.0,42500.0,84700.0,95950.0,69350.0,75500.0
2026-03-09,64250.0,50000.0,44150.0,50450.0,66400.0,34700.0,52600.0,59450.0,62400.0,71700.0,62250.0,76050.0,67550.0,68650.0,63950.0,72400.0,55200.0,62950.0,67350.0,84900.0,74900.0,66400.0,63450.0,89900.0,43500.0,50750.0,61400.0,62950.0,79900.0,50000.0,42500.0,84700.0,95950.0,69350.0,75500.0
2026-03-10,62850.0,50000.0,44150.0,50450.0,64900.0,39200.0,52600.0,59450.0,62400.0,71700.0,62250.0,75800.0,66200.0,67250.0,61950.0,72400.0,55200.0,63100.0,67350.0,84900.0,74900.0,66400.0,63450.0,89900.0,43500.0,50750.0,51900.0,52250.0,79900.0,50000.0,41250.0,59900.0,95950.0,69350.0,75500.0
2026-03-11,61950.0,50000.0,44150.0,49950.0,64900.0,32200.0,52600.0,59450.0,62400.0,71700.0,62250.0,75800.0,66200.0,67250.0,61450.0,72400.0,53950.0,63200.0,64900.0,84900.0,74900.0,66400.0,63450.0,89900.0,43500.0,50750.0,51900.0,52250.0,69950.0,49500.0,35250.0,59900.0,95950.0,68050.0,75500.0
2026-03-12,61950.0,50000.0,44150.0,49950.0,64900.0,32200.0,52600.0,59450.0,62400.0,71700.0,62250.0,75800.0,66200.0,67250.0,61450.0,72400.0,53950.0,63200.0,64900.0,84900.0,74900.0,66400.0,63450.0,89900.0,43500.0,50750.0,51900.0,52250.0,69950.0,49500.0,35250.0,59900.0,95950.0,68050.0,75500.0
2026-03-13,61950.0,50000.0,44150.0,49950.0,64900.0,32200.0,52600.0,59450.0,62400.0,71700.0,62250.0,75800.0,66200.0,67250.0,61450.0,72400.0,53950.0,63200.0,64900.0,84900.0,74900.0,66400.0,63450.0,89900.0,43500.0,50750.0,51900.0,52250.0,69950.0,49500.0,35250.0,59900.0,95950.0,68050.0,75500.0
2026-03-14,61950.0,50000.0,44150.0,49950.0,64900.0,32200.0,52600.0,59450.0,62400.0,71700.0,62250.0,75800.0,66200.0,67250.0,61450.0,72400.0,53950.0,63200.0,64900.0,84900.0,74900.0,66400.0,63450.0,89900.0,43500.0,50750.0,51900.0,52250.0,69950.0,49500.0,35250.0,59900.0,95950.0,68050.0,75500.0
2026-03-15,61950.0,50000.0,44150.0,49950.0,64900.0,32200.0,52600.0,59450.0,62400.0,71700.0,62250.0,75800.0,66200.0,67250.0,61450.0,72400.0,53950.0,63200.0,64900.0,84900.0,74900.0,66400.0,63450.0,89900.0,43500.0,50750.0,51900.0,52250.0,69950.0,49500.0,35250.0,59900.0,95950.0,68050.0,75500.0
2026-03-16,61950.0,50000.0,44150.0,49950.0,64900.0,32200.0,52600.0,59450.0,62400.0,71700.0,62250.0,75800.0,66200.0,67250.0,61450.0,72400.0,53950.0,63200.0,64900.0,84900.0,74900.0,66400.0,63450.0,89900.0,43500.0,50750.0,51900.0,52250.0,69950.0,49500.0,35250.0,59900.0,95950.0,68050.0,75500.0
2026-03-17,61950.0,50000.0,44150.0,49950.0,64900.0,32200.0,52600.0,59450.0,62400.0,71700.0,62250.0,75800.0,66200.0,67250.0,61450.0,72400.0,53950.0,63200.0,64900.0,84900.0,74900.0,66400.0,63450.0,89900.0,43500.0,50750.0,51900.0,52250.0,69950.0,49500.0,35250.0,59900.0,95950.0,68050.0,75500.0
2026-03-18,62300.0,50000.0,44150.0,50950.0,64900.0,32200.0,52600.0,59450.0,62400.0,71700.0,62250.0,75800.0,66750.0,67250.0,57900.0,72400.0,53950.0,63600.0,67350.0,84900.0,74900.0,66400.0,63450.0,87400.0,43500.0,50750.0,51900.0,52250.0,68450.0,51750.0,35250.0,59900.0,95950.0,69100.0,77750.0
2026-03-19,62300.0,50000.0,44150.0,50950.0,64900.0,32200.0,52600.0,59450.0,62400.0,71700.0,62250.0,75800.0,66750.0,67250.0,57900.0,72400.0,53950.0,63600.0,67350.0,84900.0,74900.0,66400.0,63450.0,87400.0,43500.0,50750.0,51900.0,52250.0,68450.0,51750.0,35250.0,59900.0,95950.0,69100.0,77750.0
2026-03-20,62300.0,50000.0,44150.0,50950.0,64900.0,32200.0,52600.0,59450.0,62400.0,71700.0,62250.0,75800.0,66750.0,67250.0,57900.0,72400.0,53950.0,63600.0,67350.0,84900.0,74900.0,66400.0,63450.0,87400.0,43500.0,50750.0,51900.0,52250.0,68450.0,51750.0,35250.0,59900.0,95950.0,69100.0,77750.0
2026-03-21,62300.0,50000.0,44150.0,50950.0,64900.0,32200.0,52600.0,59450.0,62400.0,71700.0,62250.0,75800.0,66750.0,67250.0,57900.0,72400.0,53950.0,63600.0,67350.0,84900.0,74900.0,66400.0,63450.0,87400.0,43500.0,50750.0,51900.0,52250.0,68450.0,51750.0,35250.0,59900.0,95950.0,69100.0,77750.0
2026-03-22,62300.0,50000.0,44150.0,50950.0,64900.0,32200.0,52600.0,59450.0,62400.0,71700.0,62250.0,75800.0,66750.0,67250.0,57900.0,72400.0,53950.0,63600.0,67350.0,84900.0,74900.0,66400.0,63450.0,87400.0,43500.0,50750.0,51900.0,52250.0,68450.0,51750.0,35250.0,59900.0,95950.0,69100.0,77750.0
2026-03-23,62300.0,50000.0,44150.0,50950.0,64900.0,32200.0,52600.0,59450.0,62400.0,71700.0,62250.0,75800.0,66750.0,67250.0,57900.0,72400.0,53950.0,63600.0,67350.0,84900.0,74900.0,66400.0,63450.0,87400.0,43500.0,50750.0,51900.0,52250.0,68450.0,51750.0,35250.0,59900.0,95950.0,69100.0,77750.0
2026-03-24,61800.0,50000.0,43250.0,50950.0,64900.0,36200.0,52600.0,59450.0,62400.0,71700.0,62500.0,75300.0,67350.0,69750.0,60900.0,72400.0,53550.0,63800.0,52400.0,84900.0,74900.0,66400.0,63450.0,87400.0,43500.0,50750.0,48900.0,52250.0,68450.0,51750.0,37700.0,58900.0,95950.0,69150.0,77750.0
2026-03-25,62100.0,50000.0,43250.0,50950.0,64900.0,32200.0,52600.0,59450.0,62400.0,66950.0,62500.0,75300.0,67350.0,69750.0,61400.0,72400.0,54100.0,68100.0,52400.0,84900.0,74900.0,66400.0,63450.0,87400.0,43500.0,58950.0,48900.0,52250.0,68450.0,51750.0,40950.0,57900.0,95950.0,71150.0,77750.0
2026-03-26,61750.0,50000.0,43250.0,50950.0,64900.0,32200.0,52600.0,59450.0,62400.0,66950.0,62500.0,75300.0,67500.0,69750.0,62950.0,72400.0,54100.0,68100.0,52400.0,84900.0,74900.0,66400.0,63450.0,87400.0,43500.0,58950.0,48900.0,52250.0,55450.0,51750.0,40950.0,57900.0,95950.0,71150.0,77750.0
2026-03-27,61700.0,50000.0,43250.0,50950.0,64900.0,32200.0,52600.0,59450.0,62400.0,66950.0,62500.0,75300.0,67500.0,69750.0,61400.0,72400.0,54100.0,68100.0,52400.0,84900.0,74900.0,66400.0,63450.0,87400.0,43500.0,58950.0,48900.0,52250.0,55450.0,51750.0,40950.0,57900.0,95950.0,71150.0,77750.0
2026-03-28,61700.0,50000.0,43250.0,50950.0,64900.0,32200.0,52600.0,59450.0,62400.0,66950.0,62500.0,75300.0,67500.0,69750.0,61400.0,72400.0,54100.0,68100.0,52400.0,84900.0,74900.0,66400.0,63450.0,87400.0,43500.0,58950.0,48900.0,52250.0,55450.0,51750.0,40950.0,57900.0,95950.0,71150.0,77750.0
2026-03-29,61700.0,50000.0,43250.0,50950.0,64900.0,32200.0,52600.0,59450.0,62400.0,66950.0,62500.0,75300.0,67500.0,69750.0,61400.0,72400.0,54100.0,68100.0,52400.0,84900.0,74900.0,66400.0,63450.0,87400.0,43500.0,58950.0,48900.0,52250.0,55450.0,51750.0,40950.0,57900.0,95950.0,71150.0,77750.0
2026-03-30,61700.0,50000.0,43350.0,50950.0,64900.0,32200.0,52600.0,59450.0,62400.0,66950.0,62500.0,75300.0,67500.0,69750.0,61400.0,72400.0,54100.0,68100.0,52400.0,84900.0,74900.0,66400.0,63450.0,87400.0,43500.0,58950.0,48900.0,52250.0,55450.0,51750.0,40950.0,57900.0,95950.0,71150.0,77750.0
2026-03-31,61500.0,50000.0,44900.0,50950.0,64900.0,32900.0,55600.0,56950.0,62400.0,66950.0,63250.0,76400.0,67500.0,53200.0,63300.0,72400.0,53250.0,69100.0,52400.0,84900.0,74900.0,66400.0,63450.0,87400.0,43500.0,58950.0,50900.0,52250.0,55450.0,51750.0,41700.0,57900.0,95950.0,71150.0,77750.0
2026-04-01,61550.0,47500.0,44900.0,50950.0,64900.0,32200.0,55600.0,56950.0,62400.0,66950.0,63250.0,76400.0,67500.0,53200.0,63300.0,72400.0,53050.0,70650.0,52400.0,84900.0,74900.0,66400.0,63450.0,83400.0,43500.0,59950.0,50900.0,52250.0,55450.0,56000.0,43500.0,57900.0,95950.0,72150.0,77900.0
2026-04-02,61550.0,47500.0,44900.0,50950.0,64900.0,32200.0,55600.0,56950.0,62400.0,66950.0,63250.0,76400.0,67500.0,53200.0,63300.0,72400.0,53050.0,70650.0,52400.0,84900.0,74900.0,66400.0,63450.0,83400.0,43500.0,59950.0,50900.0,52250.0,55450.0,56000.0,43500.0,57900.0,95950.0,72150.0,77900.0
2026-04-03,61550.0,47500.0,44900.0,50950.0,64900.0,32200.0,55600.0,56950.0,62400.0,66950.0,63250.0,76400.0,67500.0,53200.0,63300.0,72400.0,53050.0,70650.0,52400.0,84900.0,74900.0,66400.0,63450.0,83400.0,43500.0,59950.0,50900.0,52250.0,55450.0,56000.0,43500.0,57900.0,95950.0,72150.0,77900.0
2026-04-04,61550.0,47500.0,44900.0,50950.0,64900.0,32200.0,55600.0,56950.0,62400.0,66950.0,63250.0,76400.0,67500.0,53200.0,63300.0,72400.0,53050.0,70650.0,52400.0,84900.0,74900.0,66400.0,63450.0,83400.0,43500.0,59950.0,50900.0,52250.0,55450.0,56000.0,43500.0,57900.0,95950.0,72150.0,77900.0
2026-04-05,61550.0,47500.0,44900.0,50950.0,64900.0,32200.0,55600.0,56950.0,62400.0,66950.0,63250.0,76400.0,67500.0,53200.0,63300.0,72400.0,53050.0,70650.0,52400.0,84900.0,74900.0,66400.0,63450.0,83400.0,43500.0,59950.0,50900.0,52250.0,55450.0,56000.0,43500.0,57900.0,95950.0,72150.0,77900.0
2026-04-06,61600.0,47500.0,45500.0,50950.0,64900.0,32200.0,55600.0,56950.0,62400.0,66950.0,63250.0,76400.0,67500.0,53200.0,63300.0,72400.0,53050.0,70650.0,52400.0,84900.0,74900.0,66400.0,63450.0,83400.0,43500.0,59950.0,50900.0,52250.0,55450.0,56000.0,43500.0,57900.0,95950.0,72150.0,77900.0
2026-04-07,61900.0,47500.0,44000.0,50950.0,64900.0,32900.0,55600.0,56950.0,62400.0,66950.0,62700.0,75650.0,67200.0,53200.0,63800.0,72400.0,52800.0,71100.0,52400.0,84900.0,74900.0,66400.0,63450.0,83400.0,43500.0,59950.0,50400.0,65950.0,55450.0,56000.0,43650.0,57900.0,95950.0,72150.0,77900.0
2026-04-08,62300.0,54000.0,44000.0,49950.0,64900.0,36900.0,55600.0,56950.0,62400.0,66950.0,62700.0,75650.0,67200.0,53200.0,63600.0,72400.0,52550.0,70950.0,52400.0,84900.0,74900.0,66400.0,63450.0,83400.0,43500.0,57450.0,50400.0,65950.0,59950.0,56250.0,44500.0,57900.0,95950.0,72650.0,78000.0
2026-04-09,62300.0,54000.0,44000.0,49950.0,64900.0,36900.0,55600.0,56950.0,62400.0,66950.0,62700.0,75650.0,67200.0,53200.0,63600.0,72400.0,52550.0,70950.0,52400.0,84900.0,74900.0,66400.0,63450.0,83400.0,43500.0,57450.0,50400.0,65950.0,59950.0,56250.0,44500.0,57900.0,95950.0,72650.0,78000.0
2026-04-10,62300.0,54000.0,44000.0,49950.0,64900.0,36900.0,55600.0,56950.0,62400.0,66950.0,62700.0,75650.0,67200.0,53200.0,63600.0,72400.0,52550.0,70950.0,52400.0,84900.0,74900.0,66400.0,63450.0,83400.0,43500.0,57450.0,50400.0,65950.0,59950.0,56250.0,44500.0,57900.0,95950.0,72650.0,78000.0
2026-04-11,62300.0,54000.0,44000.0,49950.0,64900.0,36900.0,55600.0,56950.0,62400.0,66950.0,62700.0,75650.0,67200.0,53200.0,63600.0,72400.0,52550.0,70950.0,52400.0,84900.0,74900.0,66400.0,63450.0,83400.0,43500.0,57450.0,50400.0,65950.0,59950.0,56250.0,44500.0,57900.0,95950.0,72650.0,78000.0
2026-04-12,62300.0,54000.0,44000.0,49950.0,64900.0,36900.0,55600.0,56950.0,62400.0,66950.0,62700.0,75650.0,67200.0,53200.0,63600.0,72400.0,52550.0,70950.0,52400.0,84900.0,74900.0,66400.0,63450.0,83400.0,43500.0,57450.0,50400.0,65950.0,59950.0,56250.0,44500.0,57900.0,95950.0,72650.0,78000.0
2026-04-13,62200.0,54000.0,41500.0,49950.0,64900.0,36900.0,55600.0,56950.0,62400.0,66950.0,62700.0,75650.0,67200.0,53200.0,63600.0,72400.0,52550.0,70950.0,52400.0,84900.0,74900.0,66400.0,63450.0,83400.0,43500.0,57450.0,50400.0,65950.0,59950.0,56250.0,44500.0,57900.0,95950.0,72650.0,78000.0
2026-04-14,63150.0,54000.0,42350.0,49950.0,63250.0,32900.0,52600.0,56950.0,64900.0,66950.0,61800.0,75650.0,64950.0,66750.0,63400.0,77450.0,52500.0,70300.0,56550.0,84900.0,74900.0,75400.0,61450.0,83400.0,43500.0,57450.0,61900.0,65950.0,59950.0,56250.0,44650.0,57900.0,95950.0,72800.0,78000.0
2026-04-15,63150.0,54000.0,42350.0,48700.0,63250.0,36900.0,52600.0,56950.0,64900.0,67950.0,61800.0,75650.0,64950.0,66750.0,62350.0,77450.0,51800.0,68750.0,56550.0,84900.0,74900.0,75400.0,61450.0,83650.0,43500.0,59950.0,61900.0,65950.0,66950.0,55750.0,44500.0,57900.0,95950.0,72800.0,68250.0
2026-04-16,63150.0,54000.0,42350.0,48700.0,63250.0,36900.0,52600.0,56950.0,64900.0,67950.0,61800.0,75650.0,64950.0,66750.0,62350.0,77450.0,51800.0,68750.0,56550.0,84900.0,74900.0,75400.0,61450.0,83650.0,43500.0,59950.0,61900.0,65950.0,66950.0,55750.0,44500.0,57900.0,95950.0,72800.0,68250.0
2026-04-17,63150.0,54000.0,42350.0,48700.0,63250.0,36900.0,52600.0,56950.0,64900.0,67950.0,61800.0,75650.0,64950.0,66750.0,62350.0,77450.0,51800.0,68750.0,56550.0,84900.0,74900.0,75400.0,61450.0,83650.0,43500.0,59950.0,61900.0,65950.0,66950.0,55750.0,44500.0,57900.0,95950.0,72800.0,68250.0
2026-04-18,63150.0,54000.0,42350.0,48700.0,63250.0,36900.0,52600.0,56950.0,64900.0,67950.0,61800.0,75650.0,64950.0,66750.0,62350.0,77450.0,51800.0,68750.0,56550.0,84900.0,74900.0,75400.0,61450.0,83650.0,43500.0,59950.0,61900.0,65950.0,66950.0,55750.0,44500.0,57900.0,95950.0,72800.0,68250.0
2026-04-19,63150.0,54000.0,42350.0,48700.0,63250.0,36900.0,52600.0,56950.0,64900.0,67950.0,61800.0,75650.0,64950.0,66750.0,62350.0,77450.0,51800.0,68750.0,56550.0,84900.0,74900.0,75400.0,61450.0,83650.0,43500.0,59950.0,61900.0,65950.0,66950.0,55750.0,44500.0,57900.0,95950.0,72800.0,68250.0
2026-04-20,63150.0,54000.0,42350.0,48700.0,63250.0,36900.0,52600.0,56950.0,64900.0,67950.0,61800.0,75650.0,64950.0,66750.0,62350.0,77450.0,51800.0,68750.0,56550.0,84900.0,74900.0,75400.0,61450.0,83650.0,43500.0,59950.0,61900.0,65950.0,66950.0,55750.0,44500.0,57900.0,95950.0,72800.0,68250.0
2026-04-21,62950.0,54000.0,42650.0,48700.0,63250.0,32900.0,52350.0,58450.0,64900.0,67950.0,60150.0,76650.0,66200.0,66750.0,62250.0,72400.0,51900.0,68650.0,56550.0,84900.0,74900.0,75400.0,61450.0,83650.0,43500.0,59950.0,61900.0,65950.0,66950.0,55750.0,44650.0,57900.0,95950.0,72800.0,68250.0
2026-04-22,62900.0,54000.0,42900.0,49450.0,63250.0,32900.0,52350.0,58450.0,64900.0,62450.0,60150.0,76650.0,66200.0,66750.0,62350.0,72400.0,51550.0,68500.0,56550.0,84900.0,74900.0,75400.0,61450.0,83650.0,43500.0,57450.0,61900.0,65950.0,66950.0,53500.0,45000.0,57900.0,95950.0,73300.0,75250.0
2026-04-23,63150.0,54000.0,42900.0,49450.0,63250.0,32900.0,52350.0,58450.0,64900.0,62450.0,60150.0,76650.0,66200.0,66750.0,62350.0,72400.0,51550.0,68500.0,56550.0,84900.0,74900.0,75400.0,61450.0,83650.0,43500.0,57450.0,61900.0,65950.0,66950.0,53500.0,45000.0,57900.0,95950.0,73300.0,75250.0
2026-04-24,63150.0,54000.0,42900.0,49450.0,63250.0,32900.0,52350.0,58450.0,64900.0,62450.0,60150.0,76650.0,66200.0,66750.0,62350.0,72400.0,51550.0,68500.0,56550.0,84900.0,74900.0,75400.0,61450.0,83650.0,43500.0,57450.0,61900.0,65950.0,66950.0,53500.0,45000.0,57900.0,95950.0,73300.0,75250.0
2026-04-25,63150.0,54000.0,42900.0,49450.0,63250.0,32900.0,52350.0,58450.0,64900.0,62450.0,60150.0,76650.0,66200.0,66750.0,62350.0,72400.0,51550.0,68500.0,56550.0,84900.0,74900.0,75400.0,61450.0,83650.0,43500.0,57450.0,61900.0,65950.0,66950.0,53500.0,45000.0,57900.0,95950.0,73300.0,75250.0
2026-04-26,63150.0,54000.0,42900.0,49450.0,63250.0,32900.0,52350.0,58450.0,64900.0,62450.0,60150.0,76650.0,66200.0,66750.0,62350.0,72400.0,51550.0,68500.0,56550.0,84900.0,74900.0,75400.0,61450.0,83650.0,43500.0,57450.0,61900.0,65950.0,66950.0,53500.0,45000.0,57900.0,95950.0,73300.0,75250.0
2026-04-27,63250.0,54000.0,42900.0,49450.0,63250.0,32900.0,52350.0,58450.0,64900.0,62450.0,60150.0,76650.0,66200.0,66750.0,62350.0,72400.0,51550.0,68500.0,56550.0,84900.0,74900.0,75400.0,64250.0,83650.0,43500.0,57450.0,61900.0,65950.0,66950.0,53500.0,45000.0,57900.0,95950.0,73300.0,75250.0
2026-04-28,62850.0,54000.0,42900.0,49450.0,63250.0,34900.0,52350.0,58450.0,64900.0,62450.0,58350.0,76650.0,65950.0,66750.0,62350.0,72400.0,51550.0,68500.0,56550.0,84900.0,74900.0,75400.0,64250.0,83650.0,43500.0,57450.0,63250.0,52250.0,66950.0,53500.0,44500.0,57900.0,95950.0,73300.0,75250.0
2026-04-29,62400.0,47500.0,41250.0,49450.0,63250.0,32900.0,52350.0,61950.0,64900.0,67950.0,58350.0,76650.0,65950.0,66750.0,63800.0,72400.0,51800.0,67700.0,56550.0,84900.0,69900.0,75400.0,63600.0,83650.0,43500.0,59950.0,62400.0,52250.0,66950.0,53500.0,42150.0,57900.0,95950.0,72300.0,75150.0
2026-04-30,62450.0,47500.0,41250.0,51450.0,63250.0,32900.0,52350.0,61950.0,64900.0,67950.0,58350.0,76650.0,65950.0,66750.0,63800.0,72400.0,51800.0,67700.0,56550.0,84900.0,69900.0,75400.0,63600.0,83650.0,43500.0,59950.0,62400.0,52250.0,66950.0,53500.0,42150.0,57900.0,95950.0,72300.0,75150.0
2026-05-01,62450.0,47500.0,41250.0,51450.0,63250.0,32900.0,52350.0,61950.0,64900.0,67950.0,58350.0,76650.0,65950.0,66750.0,63800.0,72400.0,51800.0,67700.0,56550.0,84900.0,69900.0,75400.0,63600.0,83650.0,43500.0,59950.0,62400.0,52250.0,66950.0,53500.0,42150.0,57900.0,95950.0,72300.0,75150.0
2026-05-02,62450.0,47500.0,41250.0,51450.0,63250.0,32900.0,52350.0,61950.0,64900.0,67950.0,58350.0,76650.0,65950.0,66750.0,63800.0,72400.0,51800.0,67700.0,56550.0,84900.0,69900.0,75400.0,63600.0,83650.0,43500.0,59950.0,62400.0,52250.0,66950.0,53500.0,42150.0,57900.0,95950.0,72300.0,75150.0
2026-05-03,62450.0,47500.0,41250.0,51450.0,63250.0,32900.0,52350.0,61950.0,64900.0,67950.0,58350.0,76650.0,65950.0,66750.0,63800.0,72400.0,51800.0,67700.0,56550.0,84900.0,69900.0,75400.0,63600.0,83650.0,43500.0,59950.0,62400.0,52250.0,66950.0,53500.0,42150.0,57900.0,95950.0,72300.0,75150.0
2026-05-04,62450.0,47500.0,41250.0,51450.0,63250.0,32900.0,52350.0,61950.0,64900.0,67950.0,58350.0,76650.0,65950.0,66750.0,63800.0,72400.0,51800.0,67700.0,56550.0,84900.0,69900.0,75400.0,63600.0,83650.0,43500.0,59950.0,62400.0,52250.0,66950.0,53500.0,42150.0,57900.0,95950.0,72300.0,75150.0
2026-05-05,62450.0,47500.0,41250.0,49450.0,63250.0,32900.0,52350.0,61950.0,64900.0,67950.0,54650.0,76650.0,65900.0,73250.0,63800.0,72400.0,51800.0,67700.0,56550.0,84900.0,69900.0,75400.0,63600.0,83650.0,43500.0,59950.0,62400.0,52250.0,66950.0,53500.0,42150.0,57900.0,95950.0,72300.0,75150.0
2026-05-06,62700.0,48900.0,41900.0,49450.0,70900.0,32900.0,52350.0,61950.0,66900.0,63950.0,54650.0,75300.0,67750.0,73250.0,64800.0,72400.0,53150.0,67500.0,56550.0,84900.0,69900.0,75400.0,63600.0,83650.0,44000.0,59950.0,62400.0,52250.0,66950.0,53500.0,42150.0,57900.0,95950.0,72600.0,71350.0
2026-05-07,62700.0,48900.0,41900.0,49450.0,70900.0,32900.0,52350.0,61950.0,66900.0,63950.0,54650.0,75300.0,67750.0,73250.0,64800.0,72400.0,53150.0,67500.0,56550.0,84900.0,69900.0,75400.0,63600.0,83650.0,44000.0,59950.0,62400.0,52250.0,66950.0,53500.0,42150.0,57900.0,95950.0,72600.0,71350.0
2026-05-08,62700.0,48900.0,41900.0,49450.0,70900.0,32900.0,52350.0,61950.0,66900.0,63950.0,54650.0,75300.0,67750.0,73250.0,64800.0,72400.0,53150.0,67500.0,56550.0,84900.0,69900.0,75400.0,63600.0,83650.0,44000.0,59950.0,62400.0,52250.0,66950.0,53500.0,42150.0,57900.0,95950.0,72600.0,71350.0
2026-05-09,62700.0,48900.0,41900.0,49450.0,70900.0,32900.0,52350.0,61950.0,66900.0,63950.0,54650.0,75300.0,67750.0,73250.0,64800.0,72400.0,53150.0,67500.0,56550.0,84900.0,69900.0,75400.0,63600.0,83650.0,44000.0,59950.0,62400.0,52250.0,66950.0,53500.0,42150.0,57900.0,95950.0,72600.0,71350.0
2026-05-10,62700.0,48900.0,41900.0,49450.0,70900.0,32900.0,52350.0,61950.0,66900.0,63950.0,54650.0,75300.0,67750.0,73250.0,64800.0,72400.0,53150.0,67500.0,56550.0,84900.0,69900.0,75400.0,63600.0,83650.0,44000.0,59950.0,62400.0,52250.0,66950.0,53500.0,42150.0,57900.0,95950.0,72600.0,71350.0
2026-05-11,62800.0,48900.0,45500.0,49450.0,70900.0,32900.0,52350.0,61950.0,66900.0,63950.0,54650.0,75300.0,67750.0,73250.0,64800.0,72400.0,53150.0,67500.0,56550.0,84900.0,69900.0,75400.0,63600.0,83650.0,44000.0,59950.0,62400.0,52250.0,66950.0,53500.0,42150.0,57900.0,95950.0,72600.0,71350.0
2026-05-12,63150.0,48900.0,50900.0,49450.0,71250.0,33750.0,53350.0,61950.0,66900.0,63950.0,54650.0,75350.0,65400.0,69750.0,64950.0,72400.0,53150.0,67550.0,56550.0,84900.0,69900.0,75400.0,63600.0,83650.0,44000.0,59950.0,55900.0,65950.0,66950.0,53500.0,42000.0,61400.0,95950.0,72150.0,71350.0
2026-05-13,62800.0,50000.0,50900.0,49450.0,71250.0,33750.0,53350.0,61950.0,66900.0,65450.0,54650.0,75350.0,65400.0,69750.0,64950.0,72400.0,54700.0,67750.0,56550.0,84900.0,69900.0,75400.0,63600.0,82400.0,46500.0,59950.0,55900.0,65950.0,63950.0,53250.0,42150.0,61400.0,83950.0,71150.0,70100.0
2026-05-14,62800.0,50000.0,50900.0,49450.0,71250.0,33750.0,53350.0,61950.0,66900.0,65450.0,54650.0,75350.0,65400.0,69750.0,64950.0,72400.0,54700.0,67750.0,56550.0,84900.0,69900.0,75400.0,63600.0,82400.0,46500.0,59950.0,55900.0,65950.0,63950.0,53250.0,42150.0,61400.0,83950.0,71150.0,70100.0
2026-05-15,62800.0,50000.0,50900.0,49450.0,71250.0,33750.0,53350.0,61950.0,66900.0,65450.0,54650.0,75350.0,65400.0,69750.0,64950.0,72400.0,54700.0,67750.0,56550.0,84900.0,69900.0,75400.0,63600.0,82400.0,46500.0,59950.0,55900.0,65950.0,63950.0,53250.0,42150.0,61400.0,83950.0,71150.0,70100.0
2026-05-16,62800.0,50000.0,50900.0,49450.0,71250.0,33750.0,53350.0,61950.0,66900.0,65450.0,54650.0,75350.0,65400.0,69750.0,64950.0,72400.0,54700.0,67750.0,56550.0,84900.0,69900.0,75400.0,63600.0,82400.0,46500.0,59950.0,55900.0,65950.0,63950.0,53250.0,42150.0,61400.0,83950.0,71150.0,70100.0
2026-05-17,62800.0,50000.0,50900.0,49450.0,71250.0,33750.0,53350.0,61950.0,66900.0,65450.0,54650.0,75350.0,65400.0,69750.0,64950.0,72400.0,54700.0,67750.0,56550.0,84900.0,69900.0,75400.0,63600.0,82400.0,46500.0,59950.0,55900.0,65950.0,63950.0,53250.0,42150.0,61400.0,83950.0,71150.0,70100.0
2026-05-18,62900.0,50000.0,54000.0,49450.0,71250.0,33750.0,53350.0,61950.0,66900.0,65450.0,54650.0,75350.0,65400.0,69750.0,64950.0,72400.0,54700.0,67750.0,56550.0,84900.0,69900.0,75400.0,63600.0,82400.0,46500.0,59950.0,55900.0,65950.0,63950.0,53250.0,42150.0,61400.0,83950.0,71150.0,70100.0
2026-05-19,62850.0,50000.0,54000.0,49450.0,71250.0,33750.0,52150.0,61950.0,67900.0,65450.0,54650.0,75200.0,64500.0,69750.0,64300.0,72400.0,55050.0,67750.0,61550.0,84900.0,69900.0,72400.0,62950.0,82400.0,46500.0,59950.0,55900.0,65950.0,63950.0,53250.0,42000.0,61400.0,83950.0,71150.0,70100.0
2026-05-20,62750.0,50000.0,54000.0,49450.0,71250.0,33750.0,52150.0,61950.0,67900.0,65450.0,54650.0,75200.0,64500.0,69750.0,63900.0,72400.0,55500.0,66900.0,61550.0,84900.0,69900.0,72400.0,62950.0,82400.0,45650.0,59950.0,55900.0,65950.0,63950.0,50650.0,42150.0,61400.0,83950.0,70250.0,70100.0
2026-05-21,62750.0,50000.0,54000.0,49450.0,71250.0,33750.0,52150.0,61950.0,67900.0,65450.0,54650.0,75200.0,64500.0,69750.0,63900.0,72400.0,55500.0,66900.0,61550.0,84900.0,69900.0,72400.0,62950.0,82400.0,45650.0,59950.0,55900.0,65950.0,63950.0,50650.0,42150.0,61400.0,83950.0,70250.0,70100.0
2026-05-22,62750.0,50000.0,54000.0,49450.0,71250.0,33750.0,52150.0,61950.0,67900.0,65450.0,54650.0,75200.0,64500.0,69750.0,63900.0,72400.0,55500.0,66900.0,61550.0,84900.0,69900.0,72400.0,62950.0,82400.0,45650.0,59950.0,55900.0,65950.0,63950.0,50650.0,42150.0,61400.0,83950.0,70250.0,70100.0
2026-05-23,62750.0,50000.0,54000.0,49450.0,71250.0,33750.0,52150.0,61950.0,67900.0,65450.0,54650.0,75200.0,64500.0,69750.0,63900.0,72400.0,55500.0,66900.0,61550.0,84900.0,69900.0,72400.0,62950.0,82400.0,45650.0,59950.0,55900.0,65950.0,63950.0,50650.0,42150.0,61400.0,83950.0,70250.0,70100.0
2026-05-24,62750.0,50000.0,54000.0,49450.0,71250.0,33750.0,52150.0,61950.0,67900.0,65450.0,54650.0,75200.0,64500.0,69750.0,63900.0,72400.0,55500.0,66900.0,61550.0,84900.0,69900.0,72400.0,62950.0,82400.0,45650.0,59950.0,55900.0,65950.0,63950.0,50650.0,42150.0,61400.0,83950.0,70250.0,70100.0
2026-05-25,62750.0,50000.0,54000.0,49450.0,71250.0,33750.0,52150.0,61950.0,67900.0,65450.0,54650.0,75200.0,64500.0,69750.0,63900.0,72400.0,55500.0,66900.0,61550.0,84900.0,69900.0,72400.0,62950.0,82400.0,45650.0,59950.0,55900.0,65950.0,63950.0,50650.0,42150.0,61400.0,83950.0,70250.0,70100.0
2026-05-26,63050.0,50000.0,54000.0,49450.0,70900.0,36100.0,52150.0,61950.0,67900.0,65450.0,54650.0,73850.0,66850.0,69750.0,64400.0,71950.0,55650.0,67150.0,61550.0,84900.0,69900.0,72400.0,62950.0,82400.0,45650.0,59950.0,60900.0,65950.0,63950.0,50650.0,42000.0,64900.0,83950.0,70250.0,70100.0
2026-05-27,63400.0,50000.0,54000.0,49450.0,70900.0,39100.0,52150.0,61950.0,67900.0,65450.0,54650.0,73850.0,66850.0,69750.0,65200.0,71950.0,55650.0,67400.0,61550.0,84900.0,69900.0,72400.0,62950.0,82400.0,47350.0,59950.0,60900.0,65950.0,63950.0,52150.0,44650.0,64900.0,83950.0,70250.0,71700.0
2026-05-28,63400.0,50000.0,54000.0,49450.0,70900.0,39100.0,52150.0,61950.0,67900.0,65450.0,54650.0,73850.0,66850.0,69750.0,65200.0,71950.0,55650.0,67400.0,61550.0,84900.0,69900.0,72400.0,62950.0,82400.0,47350.0,59950.0,60900.0,65950.0,63950.0,52150.0,44650.0,64900.0,83950.0,70250.0,71700.0
2026-05-29,63400.0,50000.0,54000.0,49450.0,70900.0,39100.0,52150.0,61950.0,67900.0,65450.0,54650.0,73850.0,66850.0,69750.0,65200.0,71950.0,55650.0,67400.0,61550.0,84900.0,69900.0,72400.0,62950.0,82400.0,47350.0,59950.0,60900.0,65950.0,63950.0,52150.0,44650.0,64900.0,83950.0,70250.0,71700.0
2026-05-30,63400.0,50000.0,54000.0,49450.0,70900.0,39100.0,52150.0,61950.0,67900.0,65450.0,54650.0,73850.0,66850.0,69750.0,65200.0,71950.0,55650.0,67400.0,61550.0,84900.0,69900.0,72400.0,62950.0,82400.0,47350.0,59950.0,60900.0,65950.0,63950.0,52150.0,44650.0,64900.0,83950.0,70250.0,71700.0
2026-05-31,63400.0,50000.0,54000.0,49450.0,70900.0,39100.0,52150.0,61950.0,67900.0,65450.0,54650.0,73850.0,66850.0,69750.0,65200.0,71950.0,55650.0,67400.0,61550.0,84900.0,69900.0,72400.0,62950.0,82400.0,47350.0,59950.0,60900.0,65950.0,63950.0,52150.0,44650.0,64900.0,83950.0,70250.0,71700.0
2026-06-01,63400.0,50000.0,53250.0,49450.0,70900.0,39100.0,52150.0,61950.0,67900.0,65450.0,54650.0,73850.0,66850.0,69750.0,65200.0,71950.0,55650.0,67400.0,61550.0,84900.0,69900.0,72400.0,62950.0,82400.0,47350.0,59950.0,60900.0,65950.0,63950.0,52150.0,44650.0,64900.0,83950.0,70250.0,71700.0
2026-06-02,63600.0,50000.0,52650.0,49450.0,70900.0,40800.0,52150.0,56950.0,67900.0,65450.0,54650.0,78800.0,68050.0,69750.0,65350.0,71950.0,55650.0,68150.0,61550.0,84900.0,69900.0,72400.0,64000.0,82400.0,47350.0,59950.0,59300.0,65950.0,63950.0,52150.0,44750.0,68900.0,83950.0,70250.0,71700.0
2026-06-03,64750.0,50000.0,52650.0,49450.0,70900.0,39100.0,52150.0,56950.0,67900.0,65450.0,54650.0,78800.0,68000.0,69750.0,66150.0,71950.0,57400.0,68900.0,61550.0,84900.0,79900.0,84900.0,64000.0,84650.0,47350.0,64950.0,59300.0,65950.0,68450.0,54500.0,47150.0,68900.0,83950.0,69950.0,71700.0
2026-06-04,64750.0,50000.0,52650.0,49450.0,70900.0,39100.0,52150.0,56950.0,67900.0,65450.0,54650.0,78800.0,68000.0,69750.0,66150.0,71950.0,57400.0,68900.0,61550.0,84900.0,79900.0,84900.0,64000.0,84650.0,47350.0,64950.0,59300.0,65950.0,68450.0,54500.0,47150.0,68900.0,83950.0,69950.0,71700.0
2026-06-05,64750.0,50000.0,52650.0,49450.0,70900.0,39100.0,52150.0,56950.0,67900.0,65450.0,54650.0,78800.0,68000.0,69750.0,66150.0,71950.0,57400.0,68900.0,61550.0,84900.0,79900.0,84900.0,64000.0,84650.0,47350.0,64950.0,59300.0,65950.0,68450.0,54500.0,47150.0,68900.0,83950.0,69950.0,71700.0
2026-06-06,64750.0,50000.0,52650.0,49450.0,70900.0,39100.0,52150.0,56950.0,67900.0,65450.0,54650.0,78800.0,68000.0,69750.0,66150.0,71950.0,57400.0,68900.0,61550.0,84900.0,79900.0,84900.0,64000.0,84650.0,47350.0,64950.0,59300.0,65950.0,68450.0,54500.0,47150.0,68900.0,83950.0,69950.0,71700.0
2026-06-07,64750.0,50000.0,52650.0,49450.0,70900.0,39100.0,52150.0,56950.0,67900.0,65450.0,54650.0,78800.0,68000.0,69750.0,66150.0,71950.0,57400.0,68900.0,61550.0,84900.0,79900.0,84900.0,64000.0,84650.0,47350.0,64950.0,59300.0,65950.0,68450.0,54500.0,47150.0,68900.0,83950.0,69950.0,71700.0
2026-06-08,64750.0,50000.0,52500.0,49450.0,70900.0,39100.0,52150.0,56950.0,67900.0,65450.0,54650.0,78800.0,68000.0,69750.0,66150.0,71950.0,57400.0,68900.0,61550.0,84900.0,79900.0,84900.0,64000.0,84650.0,47350.0,64950.0,59300.0,65950.0,68450.0,54500.0,47150.0,68900.0,83950.0,69950.0,71700.0
2026-06-09,64950.0,50000.0,52500.0,49450.0,70900.0,42800.0,52150.0,55950.0,67900.0,65450.0,54200.0,78800.0,67600.0,69750.0,66150.0,72450.0,57400.0,70400.0,61550.0,84900.0,79900.0,82400.0,64000.0,84650.0,47350.0,64950.0,63900.0,65950.0,68450.0,54500.0,44750.0,70950.0,83950.0,70100.0,71700.0
2026-06-10,66500.0,50000.0,52500.0,49450.0,70900.0,42100.0,52150.0,55950.0,67900.0,65450.0,54200.0,78800.0,67600.0,69750.0,68900.0,72450.0,59250.0,74100.0,61550.0,84900.0,79900.0,82400.0,64000.0,84650.0,47350.0,77450.0,63900.0,65950.0,71450.0,89900.0,40500.0,70950.0,83950.0,70700.0,69600.0
2026-06-11,66500.0,50000.0,52500.0,49450.0,70900.0,42100.0,52150.0,55950.0,67900.0,65450.0,54200.0,78800.0,67600.0,69750.0,68900.0,72450.0,59250.0,74100.0,61550.0,84900.0,79900.0,82400.0,64000.0,84650.0,47350.0,77450.0,63900.0,65950.0,71450.0,89900.0,40500.0,70950.0,83950.0,70700.0,69600.0
2026-06-12,66500.0,50000.0,52500.0,49450.0,70900.0,42100.0,52150.0,55950.0,67900.0,65450.0,54200.0,78800.0,67600.0,69750.0,68900.0,72450.0,59250.0,74100.0,61550.0,84900.0,79900.0,82400.0,64000.0,84650.0,47350.0,77450.0,63900.0,65950.0,71450.0,89900.0,40500.0,70950.0,83950.0,70700.0,69600.0
2026-06-13,66500.0,50000.0,52500.0,49450.0,70900.0,42100.0,52150.0,55950.0,67900.0,65450.0,54200.0,78800.0,67600.0,69750.0,68900.0,72450.0,59250.0,74100.0,61550.0,84900.0,79900.0,82400.0,64000.0,84650.0,47350.0,77450.0,63900.0,65950.0,71450.0,89900.0,40500.0,70950.0,83950.0,70700.0,69600.0
2026-06-14,66500.0,50000.0,52500.0,49450.0,70900.0,42100.0,52150.0,55950.0,67900.0,65450.0,54200.0,78800.0,67600.0,69750.0,68900.0,72450.0,59250.0,74100.0,61550.0,84900.0,79900.0,82400.0,64000.0,84650.0,47350.0,77450.0,63900.0,65950.0,71450.0,89900.0,40500.0,70950.0,83950.0,70700.0,69600.0
2026-06-15,66500.0,50000.0,52650.0,49450.0,70900.0,42100.0,52150.0,55950.0,67900.0,65450.0,54200.0,78800.0,67600.0,69750.0,68900.0,72450.0,59250.0,74100.0,61550.0,84900.0,79900.0,82400.0,64000.0,84650.0,47350.0,77450.0,63900.0,65950.0,71450.0,89900.0,40500.0,70950.0,83950.0,70700.0,69600.0
2026-06-16,67900.0,50000.0,50900.0,49450.0,70900.0,42200.0,55550.0,55950.0,67400.0,65450.0,56450.0,79450.0,69600.0,75450.0,68900.0,72450.0,60350.0,73650.0,61550.0,84900.0,79900.0,82400.0,64000.0,84650.0,47350.0,77450.0,68900.0,65950.0,71450.0,89900.0,44750.0,95800.0,83950.0,71150.0,69600.0
2026-06-17,68200.0,59000.0,50900.0,49450.0,70900.0,35400.0,55550.0,55950.0,67400.0,65450.0,56450.0,79450.0,69600.0,75450.0,68250.0,72450.0,57200.0,73200.0,61550.0,84900.0,79900.0,82400.0,64000.0,82400.0,49850.0,81450.0,68900.0,65950.0,71450.0,83500.0,43850.0,95800.0,83950.0,77600.0,78700.0
2026-06-18,68050.0,59000.0,50900.0,49450.0,70900.0,35400.0,55550.0,55950.0,67400.0,65450.0,56450.0,79450.0,69600.0,75450.0,68250.0,72450.0,57200.0,73200.0,61550.0,84900.0,79900.0,82400.0,64000.0,82400.0,49850.0,81450.0,68900.0,65950.0,71450.0,83500.0,43850.0,95800.0,79900.0,77600.0,78700.0
2026-06-19,68050.0,59000.0,50900.0,49450.0,70900.0,35400.0,55550.0,55950.0,67400.0,65450.0,56450.0,79450.0,69600.0,75450.0,68250.0,72450.0,57200.0,73200.0,61550.0,84900.0,79900.0,82400.0,64000.0,82400.0,49850.0,81450.0,68900.0,65950.0,71450.0,83500.0,43850.0,95800.0,79900.0,77600.0,78700.0
2026-06-20,68050.0,59000.0,50900.0,49450.0,70900.0,35400.0,55550.0,55950.0,67400.0,65450.0,56450.0,79450.0,69600.0,75450.0,68250.0,72450.0,57200.0,73200.0,61550.0,84900.0,79900.0,82400.0,64000.0,82400.0,49850.0,81450.0,68900.0,65950.0,71450.0,83500.0,43850.0,95800.0,79900.0,77600.0,78700.0
2026-06-21,68050.0,59000.0,50900.0,49450.0,70900.0,35400.0,55550.0,55950.0,67400.0,65450.0,56450.0,79450.0,69600.0,75450.0,68250.0,72450.0,57200.0,73200.0,61550.0,84900.0,79900.0,82400.0,64000.0,82400.0,49850.0,81450.0,68900.0,65950.0,71450.0,83500.0,43850.0,95800.0,79900.0,77600.0,78700.0
2026-06-22,68050.0,59000.0,50750.0,49450.0,70900.0,35400.0,55550.0,55950.0,67400.0,65450.0,56450.0,79450.0,69600.0,75450.0,68250.0,72450.0,57200.0,73200.0,61550.0,84900.0,79900.0,82400.0,64000.0,82400.0,49850.0,81450.0,68900.0,65950.0,71450.0,83500.0,43850.0,95800.0,79900.0,77600.0,78700.0
2026-06-23,68650.0,59000.0,47000.0,49450.0,70900.0,44400.0,55550.0,63950.0,67900.0,65450.0,56450.0,79450.0,73350.0,72750.0,67800.0,72450.0,58250.0,73200.0,61550.0,84900.0,79900.0,82400.0,64000.0,82400.0,49850.0,81450.0,70400.0,65950.0,71450.0,83500.0,44750.0,95150.0,79900.0,81000.0,78700.0
2026-06-24,68200.0,40000.0,47000.0,49450.0,70900.0,35400.0,55550.0,63950.0,67900.0,65450.0,56450.0,79450.0,73350.0,72750.0,67250.0,72450.0,59400.0,72700.0,61550.0,84900.0,79900.0,82400.0,64000.0,86150.0,49850.0,81450.0,70400.0,65950.0,71450.0,64250.0,46350.0,95150.0,99450.0,87800.0,78700.0
2026-06-25,68250.0,40000.0,47000.0,49450.0,70900.0,35400.0,55550.0,63950.0,67900.0,65450.0,56450.0,79450.0,73350.0,72750.0,68300.0,72450.0,59400.0,72700.0,61550.0,84900.0,79900.0,82400.0,64000.0,86150.0,49850.0,81450.0,70400.0,65950.0,71450.0,64250.0,46350.0,95150.0,99450.0,87800.0,78700.0
2026-06-26,68250.0,40000.0,47000.0,49450.0,70900.0,35400.0,55550.0,63950.0,67900.0,65450.0,56450.0,79450.0,73350.0,72750.0,68300.0,72450.0,59400.0,72700.0,61550.0,84900.0,79900.0,82400.0,64000.0,86150.0,49850.0,81450.0,70400.0,65950.0,71450.0,64250.0,46350.0,95150.0,99450.0,87800.0,78700.0
2026-06-27,68250.0,40000.0,47000.0,49450.0,70900.0,35400.0,55550.0,63950.0,67900.0,65450.0,56450.0,79450.0,73350.0,72750.0,68300.0,72450.0,59400.0,72700.0,61550.0,84900.0,79900.0,82400.0,64000.0,86150.0,49850.0,81450.0,70400.0,65950.0,71450.0,64250.0,46350.0,95150.0,99450.0,87800.0,78700.0
2026-06-28,68250.0,40000.0,47000.0,49450.0,70900.0,35400.0,55550.0,63950.0,67900.0,65450.0,56450.0,79450.0,73350.0,72750.0,68300.0,72450.0,59400.0,72700.0,61550.0,84900.0,79900.0,82400.0,64000.0,86150.0,49850.0,81450.0,70400.0,65950.0,71450.0,64250.0,46350.0,95150.0,99450.0,87800.0,78700.0
2026-06-29,68250.0,40000.0,47000.0,49450.0,70900.0,35400.0,55550.0,63950.0,67900.0,65450.0,56450.0,79450.0,73350.0,72750.0,68300.0,72450.0,59400.0,72700.0,61550.0,84900.0,79900.0,82400.0,64000.0,86150.0,49850.0,81450.0,70400.0,65950.0,71450.0,64250.0,46350.0,95150.0,99450.0,87800.0,78700.0
2026-06-30,68250.0,40000.0,45650.0,49450.0,70900.0,44900.0,55550.0,62450.0,67900.0,65450.0,56300.0,79450.0,73000.0,68250.0,68000.0,72450.0,58300.0,71050.0,61550.0,84900.0,79900.0,82400.0,66250.0,86150.0,49850.0,81450.0,70400.0,65950.0,71450.0,64250.0,47500.0,94500.0,99450.0,87100.0,78700.0
2026-07-01,67150.0,40000.0,45650.0,49450.0,70900.0,29900.0,55550.0,62450.0,67900.0,65450.0,56300.0,79450.0,73000.0,68250.0,63550.0,72450.0,57350.0,69700.0,61550.0,84900.0,79900.0,82400.0,66250.0,86150.0,48150.0,81450.0,70400.0,65950.0,71450.0,55400.0,46650.0,94500.0,99450.0,87650.0,74250.0
2026-07-02,67150.0,40000.0,45650.0,49450.0,70900.0,29900.0,55550.0,62450.0,67900.0,65450.0,56300.0,79450.0,73000.0,68250.0,63550.0,72450.0,57350.0,69700.0,61550.0,84900.0,79900.0,82400.0,66250.0,86150.0,48150.0,81450.0,70400.0,65950.0,71450.0,55400.0,46650.0,94500.0,99450.0,87650.0,74250.0
2026-07-03,67150.0,40000.0,45650.0,49450.0,70900.0,29900.0,55550.0,62450.0,67900.0,65450.0,56300.0,79450.0,73000.0,68250.0,63550.0,72450.0,57350.0,69700.0,61550.0,84900.0,79900.0,82400.0,66250.0,86150.0,48150.0,81450.0,70400.0,65950.0,71450.0,55400.0,46650.0,94500.0,99450.0,87650.0,74250.0
2026-07-04,67150.0,40000.0,45650.0,49450.0,70900.0,29900.0,55550.0,62450.0,67900.0,65450.0,56300.0,79450.0,73000.0,68250.0,63550.0,72450.0,57350.0,69700.0,61550.0,84900.0,79900.0,82400.0,66250.0,86150.0,48150.0,81450.0,70400.0,65950.0,71450.0,55400.0,46650.0,94500.0,99450.0,87650.0,74250.0
2026-07-05,67150.0,40000.0,45650.0,49450.0,70900.0,29900.0,55550.0,62450.0,67900.0,65450.0,56300.0,79450.0,73000.0,68250.0,63550.0,72450.0,57350.0,69700.0,61550.0,84900.0,79900.0,82400.0,66250.0,86150.0,48150.0,81450.0,70400.0,65950.0,71450.0,55400.0,46650.0,94500.0,99450.0,87650.0,74250.0
2026-07-06,67150.0,40000.0,45650.0,49450.0,70900.0,29900.0,55550.0,62450.0,67900.0,65450.0,56300.0,79450.0,73000.0,68250.0,63550.0,72450.0,57350.0,69700.0,61550.0,84900.0,79900.0,82400.0,66250.0,86150.0,48150.0,81450.0,70400.0,65950.0,71450.0,55400.0,46650.0,94500.0,99450.0,87650.0,74250.0
2026-07-07,67250.0,40000.0,45650.0,49450.0,70900.0,44900.0,55550.0,59950.0,67900.0,65450.0,53300.0,78950.0,70400.0,70250.0,65800.0,72450.0,58350.0,68850.0,61550.0,84900.0,79900.0,82400.0,66250.0,86150.0,48150.0,81450.0,65900.0,65950.0,71450.0,55400.0,45000.0,93250.0,99450.0,87650.0,74250.0
2026-07-08,66100.0,38500.0,45650.0,49450.0,70900.0,25900.0,55550.0,59950.0,67900.0,65450.0,53300.0,78950.0,69500.0,70250.0,65800.0,72450.0,56900.0,65850.0,61550.0,84900.0,79900.0,82400.0,66250.0,86150.0,47350.0,73450.0,65900.0,65950.0,65950.0,53650.0,44950.0,93250.0,99450.0,90150.0,74250.0
2026-07-09,66100.0,38500.0,45650.0,49450.0,70900.0,25900.0,55550.0,59950.0,67900.0,65450.0,53300.0,78950.0,69500.0,70250.0,65800.0,72450.0,56900.0,65850.0,61550.0,84900.0,79900.0,82400.0,66250.0,86150.0,47350.0,73450.0,65900.0,65950.0,65950.0,53650.0,44950.0,93250.0,99450.0,90150.0,74250.0
2026-07-10,66100.0,38500.0,45650.0,49450.0,70900.0,25900.0,55550.0,59950.0,67900.0,65450.0,53300.0,78950.0,69500.0,70250.0,65800.0,72450.0,56900.0,65850.0,61550.0,84900.0,79900.0,82400.0,66250.0,86150.0,47350.0,73450.0,65900.0,65950.0,65950.0,53650.0,44950.0,93250.0,99450.0,90150.0,74250.0
2026-07-11,66100.0,38500.0,45650.0,49450.0,70900.0,25900.0,55550.0,59950.0,67900.0,65450.0,53300.0,78950.0,69500.0,70250.0,65800.0,72450.0,56900.0,65850.0,61550.0,84900.0,79900.0,82400.0,66250.0,86150.0,47350.0,73450.0,65900.0,65950.0,65950.0,53650.0,44950.0,93250.0,99450.0,90150.0,74250.0
2026-07-12,66100.0,38500.0,45650.0,49450.0,70900.0,25900.0,55550.0,59950.0,67900.0,65450.0,53300.0,78950.0,69500.0,70250.0,65800.0,72450.0,56900.0,65850.0,61550.0,84900.0,79900.0,82400.0,66250.0,86150.0,47350.0,73450.0,65900.0,65950.0,65950.0,53650.0,44950.0,93250.0,99450.0,90150.0,74250.0
2026-07-13,66100.0,38500.0,45750.0,49450.0,70900.0,25900.0,55550.0,59950.0,67900.0,65450.0,53300.0,78950.0,69500.0,70250.0,65800.0,72450.0,56900.0,65850.0,61550.0,84900.0,79900.0,82400.0,66250.0,86150.0,47350.0,73450.0,65900.0,65950.0,65950.0,53650.0,44950.0,93250.0,99450.0,90150.0,74250.0
2026-07-14,66100.0,38500.0,45750.0,49450.0,70900.0,25900.0,55550.0,59950.0,67900.0,65450.0,53300.0,78950.0,69500.0,70250.0,65800.0,72450.0,56900.0,65850.0,61550.0,84900.0,79900.0,82400.0,66250.0,86150.0,47350.0,73450.0,65900.0,65950.0,65950.0,53650.0,44950.0,93250.0,99450.0,90150.0,74250.0
2026-07-15,63450.0,38500.0,53200.0,49450.0,70900.0,27900.0,55550.0,59950.0,67900.0,65450.0,52250.0,78950.0,76750.0,70250.0,61600.0,72450.0,51500.0,62600.0,61550.0,84900.0,79900.0,82400.0,66250.0,86150.0,47350.0,73450.0,63900.0,65950.0,65950.0,52900.0,43250.0,88950.0,99450.0,86150.0,74250.0
2026-07-16,65250.0,38500.0,45750.0,49450.0,70900.0,27900.0,55550.0,59950.0,67900.0,65450.0,52250.0,78950.0,71600.0,68250.0,61600.0,75750.0,51500.0,62600.0,61550.0,84900.0,79900.0,82400.0,66250.0,86150.0,47350.0,73450.0,63900.0,65950.0,65950.0,52900.0,43250.0,88950.0,110900.0,86150.0,74250.0
2026-07-17,65250.0,38500.0,45750.0,49450.0,70900.0,27900.0,55550.0,59950.0,67900.0,65450.0,52250.0,78950.0,71600.0,68250.0,61600.0,75750.0,51500.0,62600.0,61550.0,84900.0,79900.0,82400.0,66250.0,86150.0,47350.0,73450.0,63900.0,65950.0,65950.0,52900.0,43250.0,88950.0,110900.0,86150.0,74250.0
