Date_Param,Semua Provinsi,Aceh,Sumatera Utara,Sumatera Barat,Riau,Kepulauan Riau,Jambi,Bengkulu,Sumatera Selatan,Kepulauan Bangka Belitung,Lampung,Banten,Jawa Barat,Jawa Tengah,DI Yogyakarta,Jawa Timur,Bali,Nusa Tenggara Barat,Kalimantan Barat,Kalimantan Selatan,Kalimantan Tengah,Kalimantan Timur,Kalimantan Utara,Gorontalo,Sulawesi Selatan,Sulawesi Tenggara,Sulawesi Tengah,Sulawesi Utara,Sulawesi Barat,Maluku,Maluku Utara,Papua,Papua Barat
2026-02-13,23600.0,15100.0,18900.0,31200.0,32200.0,50000.0,18000.0,36000.0,22500.0,31650.0,27250.0,33000.0,24450.0,16300.0,21350.0,18700.0,10000.0,15150.0,29000.0,24500.0,23350.0,30850.0,45000.0,10000.0,4750.0,18250.0,12000.0,5350.0,13750.0,17350.0,40000.0,23700.0,35150.0
2026-02-14,23600.0,15100.0,18900.0,31200.0,32200.0,50000.0,18000.0,36000.0,22500.0,31650.0,27250.0,33000.0,24450.0,16300.0,21350.0,18700.0,10000.0,15150.0,29000.0,24500.0,23350.0,30850.0,45000.0,10000.0,4750.0,18250.0,12000.0,5350.0,13750.0,17350.0,40000.0,23700.0,35150.0
2026-02-15,23600.0,15100.0,18900.0,31200.0,32200.0,50000.0,18000.0,36000.0,22500.0,31650.0,27250.0,33000.0,24450.0,16300.0,21350.0,18700.0,10000.0,15150.0,29000.0,24500.0,23350.0,30850.0,45000.0,10000.0,4750.0,18250.0,12000.0,5350.0,13750.0,17350.0,40000.0,23700.0,35150.0
2026-02-16,23600.0,15100.0,18900.0,31200.0,32200.0,50000.0,18000.0,36000.0,22500.0,31650.0,27250.0,33000.0,24450.0,16300.0,21350.0,18700.0,10000.0,15150.0,29000.0,24500.0,23350.0,30850.0,45000.0,10000.0,4750.0,18250.0,12000.0,5350.0,13750.0,17350.0,40000.0,23700.0,35150.0
2026-02-17,23600.0,15100.0,18900.0,31200.0,32200.0,50000.0,18000.0,36000.0,22500.0,31650.0,27250.0,33000.0,24450.0,16300.0,21350.0,18700.0,10000.0,15150.0,29000.0,24500.0,23350.0,30850.0,45000.0,10000.0,4750.0,18250.0,12000.0,5350.0,13750.0,17350.0,40000.0,23700.0,35150.0
2026-02-18,23600.0,15100.0,18900.0,31200.0,32200.0,50000.0,18000.0,36000.0,22500.0,31650.0,27250.0,33000.0,24450.0,16300.0,21350.0,18700.0,10000.0,15150.0,29000.0,24500.0,23350.0,30850.0,45000.0,10000.0,4750.0,18250.0,12000.0,5350.0,13750.0,17350.0,40000.0,23700.0,35150.0
2026-02-19,23350.0,15100.0,18900.0,31200.0,32200.0,42500.0,18000.0,36000.0,22500.0,31650.0,27250.0,33000.0,24450.0,16300.0,21350.0,18700.0,10000.0,15150.0,29000.0,24500.0,23350.0,30850.0,45000.0,10000.0,4750.0,18250.0,12000.0,5350.0,13750.0,17350.0,40000.0,23700.0,35150.0
2026-02-20,23350.0,15100.0,18900.0,31200.0,32200.0,42500.0,18000.0,36000.0,22500.0,31650.0,27250.0,33000.0,24450.0,16300.0,21350.0,18700.0,10000.0,15150.0,29000.0,24500.0,23350.0,30850.0,45000.0,10000.0,4750.0,18250.0,12000.0,5350.0,13750.0,17350.0,40000.0,23700.0,35150.0
2026-02-21,23350.0,15100.0,18900.0,31200.0,32200.0,42500.0,18000.0,36000.0,22500.0,31650.0,27250.0,33000.0,24450.0,16300.0,21350.0,18700.0,10000.0,15150.0,29000.0,24500.0,23350.0,30850.0,45000.0,10000.0,4750.0,18250.0,12000.0,5350.0,13750.0,17350.0,40000.0,23700.0,35150.0
2026-02-22,23350.0,15100.0,18900.0,31200.0,32200.0,42500.0,18000.0,36000.0,22500.0,31650.0,27250.0,33000.0,24450.0,16300.0,21350.0,18700.0,10000.0,15150.0,29000.0,24500.0,23350.0,30850.0,45000.0,10000.0,4750.0,18250.0,12000.0,5350.0,13750.0,17350.0,40000.0,23700.0,35150.0
2026-02-23,24300.0,15100.0,18900.0,31200.0,32200.0,42500.0,18000.0,36000.0,27500.0,31650.0,45900.0,33000.0,26250.0,16300.0,21350.0,18700.0,10000.0,20650.0,29000.0,24500.0,23350.0,30850.0,45000.0,10000.0,4750.0,18250.0,12000.0,5350.0,13750.0,17350.0,40000.0,23700.0,35150.0
2026-02-24,25300.0,15100.0,17750.0,31200.0,32200.0,42500.0,18000.0,36000.0,27500.0,31650.0,45900.0,33000.0,27350.0,18000.0,21350.0,19750.0,10000.0,20650.0,29000.0,24500.0,23350.0,30850.0,45000.0,20000.0,4750.0,18250.0,12000.0,5350.0,13750.0,17350.0,40000.0,23700.0,35150.0
2026-02-25,31550.0,31050.0,29750.0,43700.0,32000.0,42500.0,22000.0,34250.0,27500.0,40000.0,45900.0,38000.0,37400.0,22200.0,32350.0,23800.0,28000.0,20650.0,38750.0,32500.0,23350.0,35450.0,45000.0,20000.0,6450.0,19450.0,23150.0,24000.0,22500.0,20000.0,40000.0,66700.0,33150.0
2026-02-26,31350.0,31050.0,29850.0,43700.0,32000.0,42500.0,22000.0,34250.0,27500.0,40000.0,45900.0,38000.0,37400.0,22200.0,32350.0,23800.0,28000.0,20650.0,38750.0,32500.0,25000.0,35450.0,45000.0,20000.0,6450.0,19450.0,23150.0,24000.0,22500.0,20000.0,40000.0,66700.0,33150.0
2026-02-27,31350.0,31050.0,29850.0,43700.0,32000.0,42500.0,22000.0,34250.0,27500.0,40000.0,45900.0,38000.0,37400.0,22200.0,32350.0,23800.0,28000.0,20650.0,38750.0,32500.0,25000.0,35450.0,45000.0,20000.0,6450.0,19450.0,23150.0,24000.0,22500.0,20000.0,40000.0,66700.0,33150.0
2026-02-28,31350.0,31050.0,29850.0,43700.0,32000.0,42500.0,22000.0,34250.0,27500.0,40000.0,45900.0,38000.0,37400.0,22200.0,32350.0,23800.0,28000.0,20650.0,38750.0,32500.0,25000.0,35450.0,45000.0,20000.0,6450.0,19450.0,23150.0,24000.0,22500.0,20000.0,40000.0,66700.0,33150.0
2026-03-01,31350.0,31050.0,29850.0,43700.0,32000.0,42500.0,22000.0,34250.0,27500.0,40000.0,45900.0,38000.0,37400.0,22200.0,32350.0,23800.0,28000.0,20650.0,38750.0,32500.0,25000.0,35450.0,45000.0,20000.0,6450.0,19450.0,23150.0,24000.0,22500.0,20000.0,40000.0,66700.0,33150.0
2026-03-02,31350.0,31050.0,29850.0,43700.0,32000.0,42500.0,22000.0,34250.0,27500.0,40000.0,45900.0,38000.0,37400.0,22200.0,32350.0,23800.0,28000.0,20650.0,38750.0,32500.0,25000.0,35450.0,45000.0,20000.0,6450.0,19450.0,23150.0,24000.0,22500.0,20000.0,40000.0,66700.0,33150.0
2026-03-03,31350.0,31050.0,29850.0,43700.0,32000.0,42500.0,22000.0,34250.0,27500.0,40000.0,45900.0,38000.0,37400.0,22200.0,32350.0,23800.0,28000.0,20650.0,38750.0,32500.0,25000.0,35450.0,45000.0,20000.0,6450.0,19450.0,23150.0,24000.0,22500.0,20000.0,40000.0,66700.0,33150.0
2026-03-04,31350.0,31050.0,29850.0,43700.0,32000.0,42500.0,22000.0,34250.0,27500.0,40000.0,45900.0,38000.0,37400.0,22200.0,32350.0,23800.0,28000.0,20650.0,38750.0,32500.0,25000.0,35450.0,45000.0,20000.0,6450.0,19450.0,23150.0,24000.0,22500.0,20000.0,40000.0,66700.0,33150.0
2026-03-05,31350.0,31050.0,29850.0,43700.0,32000.0,42500.0,22000.0,34250.0,27500.0,40000.0,45900.0,38000.0,37400.0,22200.0,32350.0,23800.0,28000.0,20650.0,38750.0,32500.0,25000.0,35450.0,45000.0,20000.0,6450.0,19450.0,23150.0,24000.0,22500.0,20000.0,40000.0,66700.0,33150.0
2026-03-06,31350.0,31050.0,29850.0,43700.0,32000.0,42500.0,22000.0,34250.0,27500.0,40000.0,45900.0,38000.0,37400.0,22200.0,32350.0,23800.0,28000.0,20650.0,38750.0,32500.0,25000.0,35450.0,45000.0,20000.0,6450.0,19450.0,23150.0,24000.0,22500.0,20000.0,40000.0,66700.0,33150.0
2026-03-07,31350.0,31050.0,29850.0,43700.0,32000.0,42500.0,22000.0,34250.0,27500.0,40000.0,45900.0,38000.0,37400.0,22200.0,32350.0,23800.0,28000.0,20650.0,38750.0,32500.0,25000.0,35450.0,45000.0,20000.0,6450.0,19450.0,23150.0,24000.0,22500.0,20000.0,40000.0,66700.0,33150.0
2026-03-08,31350.0,31050.0,29850.0,43700.0,32000.0,42500.0,22000.0,34250.0,27500.0,40000.0,45900.0,38000.0,37400.0,22200.0,32350.0,23800.0,28000.0,20650.0,38750.0,32500.0,25000.0,35450.0,45000.0,20000.0,6450.0,19450.0,23150.0,24000.0,22500.0,20000.0,40000.0,66700.0,33150.0
2026-03-09,31350.0,31050.0,29850.0,43700.0,32000.0,42500.0,22000.0,34250.0,27500.0,40000.0,45900.0,38000.0,37400.0,22200.0,32350.0,23800.0,28000.0,20650.0,38750.0,32500.0,25000.0,35450.0,45000.0,20000.0,6450.0,19450.0,23150.0,24000.0,22500.0,20000.0,40000.0,66700.0,33150.0
2026-03-10,31350.0,31050.0,29850.0,43700.0,32000.0,42500.0,22000.0,34250.0,27500.0,40000.0,45900.0,38000.0,37400.0,22200.0,32350.0,23800.0,28000.0,20650.0,38750.0,32500.0,25000.0,35450.0,45000.0,20000.0,6450.0,19450.0,23150.0,24000.0,22500.0,20000.0,40000.0,66700.0,33150.0
2026-03-11,31350.0,31050.0,29850.0,43700.0,32000.0,42500.0,22000.0,34250.0,27500.0,40000.0,45900.0,38000.0,37400.0,22200.0,32350.0,23800.0,28000.0,20650.0,38750.0,32500.0,25000.0,35450.0,45000.0,20000.0,6450.0,19450.0,23150.0,24000.0,22500.0,20000.0,40000.0,66700.0,33150.0
2026-03-12,31350.0,31050.0,29850.0,43700.0,32000.0,42500.0,22000.0,34250.0,27500.0,40000.0,45900.0,38000.0,37400.0,22200.0,32350.0,23800.0,28000.0,20650.0,38750.0,32500.0,25000.0,35450.0,45000.0,20000.0,6450.0,19450.0,23150.0,24000.0,22500.0,20000.0,40000.0,66700.0,33150.0
2026-03-13,31350.0,31050.0,29850.0,43700.0,32000.0,42500.0,22000.0,34250.0,27500.0,40000.0,45900.0,38000.0,37400.0,22200.0,32350.0,23800.0,28000.0,20650.0,38750.0,32500.0,25000.0,35450.0,45000.0,20000.0,6450.0,19450.0,23150.0,24000.0,22500.0,20000.0,40000.0,66700.0,33150.0
2026-03-14,31350.0,31050.0,29850.0,43700.0,32000.0,42500.0,22000.0,34250.0,27500.0,40000.0,45900.0,38000.0,37400.0,22200.0,32350.0,23800.0,28000.0,20650.0,38750.0,32500.0,25000.0,35450.0,45000.0,20000.0,6450.0,19450.0,23150.0,24000.0,22500.0,20000.0,40000.0,66700.0,33150.0
2026-03-15,31350.0,31050.0,29850.0,43700.0,32000.0,42500.0,22000.0,34250.0,27500.0,40000.0,45900.0,38000.0,37400.0,22200.0,32350.0,23800.0,28000.0,20650.0,38750.0,32500.0,25000.0,35450.0,45000.0,20000.0,6450.0,19450.0,23150.0,24000.0,22500.0,20000.0,40000.0,66700.0,33150.0
2026-03-16,31250.0,31050.0,29850.0,43700.0,32000.0,40000.0,22000.0,34250.0,27500.0,40000.0,45900.0,38000.0,37400.0,22200.0,32350.0,23800.0,28000.0,20650.0,38750.0,32500.0,25000.0,35450.0,45000.0,20000.0,6450.0,19450.0,23150.0,24000.0,22500.0,20000.0,40000.0,66700.0,33150.0
2026-03-17,31600.0,31050.0,29850.0,43700.0,32000.0,50000.0,22000.0,34250.0,27500.0,40000.0,45900.0,38000.0,37400.0,22200.0,32350.0,23800.0,28000.0,20650.0,38750.0,32500.0,25000.0,35450.0,45000.0,20000.0,6450.0,19450.0,23150.0,24000.0,22500.0,20000.0,40000.0,66700.0,33150.0
2026-03-18,31600.0,31050.0,29850.0,43700.0,32000.0,50000.0,22000.0,34250.0,27500.0,40000.0,45900.0,38000.0,37400.0,22200.0,32350.0,23800.0,28000.0,20650.0,38750.0,32500.0,25000.0,35450.0,45000.0,20000.0,6450.0,19450.0,23150.0,24000.0,22500.0,20000.0,40000.0,66700.0,33150.0
2026-03-19,31600.0,31050.0,29850.0,43700.0,32000.0,50000.0,22000.0,34250.0,27500.0,40000.0,45900.0,38000.0,37400.0,22200.0,32350.0,23800.0,28000.0,20650.0,38750.0,32500.0,25000.0,35450.0,45000.0,20000.0,6450.0,19450.0,23150.0,24000.0,22500.0,20000.0,40000.0,66700.0,33150.0
2026-03-20,31600.0,31050.0,29850.0,43700.0,32000.0,50000.0,22000.0,34250.0,27500.0,40000.0,45900.0,38000.0,37400.0,22200.0,32350.0,23800.0,28000.0,20650.0,38750.0,32500.0,25000.0,35450.0,45000.0,20000.0,6450.0,19450.0,23150.0,24000.0,22500.0,20000.0,40000.0,66700.0,33150.0
2026-03-21,31600.0,31050.0,29850.0,43700.0,32000.0,50000.0,22000.0,34250.0,27500.0,40000.0,45900.0,38000.0,37400.0,22200.0,32350.0,23800.0,28000.0,20650.0,38750.0,32500.0,25000.0,35450.0,45000.0,20000.0,6450.0,19450.0,23150.0,24000.0,22500.0,20000.0,40000.0,66700.0,33150.0
2026-03-22,31600.0,31050.0,29850.0,43700.0,32000.0,50000.0,22000.0,34250.0,27500.0,40000.0,45900.0,38000.0,37400.0,22200.0,32350.0,23800.0,28000.0,20650.0,38750.0,32500.0,25000.0,35450.0,45000.0,20000.0,6450.0,19450.0,23150.0,24000.0,22500.0,20000.0,40000.0,66700.0,33150.0
2026-03-23,31600.0,31050.0,29850.0,43700.0,32000.0,50000.0,22000.0,34250.0,27500.0,40000.0,45900.0,38000.0,37400.0,22200.0,32350.0,23800.0,28000.0,20650.0,38750.0,32500.0,25000.0,35450.0,45000.0,20000.0,6450.0,19450.0,23150.0,24000.0,22500.0,20000.0,40000.0,66700.0,33150.0
2026-03-24,32000.0,31050.0,29850.0,43700.0,32000.0,50000.0,22000.0,34250.0,27500.0,40000.0,45900.0,38000.0,37400.0,22200.0,32350.0,23800.0,28000.0,33200.0,38750.0,32500.0,25000.0,35450.0,45000.0,20000.0,6450.0,19450.0,23150.0,24000.0,22500.0,20000.0,40000.0,66700.0,33150.0
2026-03-25,33850.0,20250.0,18850.0,36850.0,34450.0,50000.0,32000.0,26600.0,25000.0,31650.0,33150.0,39750.0,45200.0,24200.0,37200.0,31300.0,28500.0,33200.0,53750.0,42500.0,26700.0,30850.0,45000.0,12500.0,11750.0,30900.0,26350.0,28350.0,29000.0,21650.0,46250.0,65700.0,64550.0
2026-03-26,34000.0,20250.0,18850.0,36850.0,34450.0,50000.0,32000.0,26600.0,25000.0,31650.0,33150.0,39750.0,45200.0,24200.0,37200.0,29950.0,28500.0,33200.0,53750.0,42500.0,26700.0,30850.0,45000.0,12500.0,11750.0,30900.0,32500.0,28350.0,29000.0,21650.0,46250.0,65700.0,64550.0
2026-03-27,34000.0,20250.0,18850.0,36850.0,34450.0,50000.0,32000.0,26600.0,25000.0,31650.0,33150.0,39750.0,45200.0,24200.0,37200.0,29950.0,28500.0,33200.0,53750.0,42500.0,26700.0,30850.0,45000.0,12500.0,11750.0,30900.0,32500.0,28350.0,29000.0,21650.0,46250.0,65700.0,64550.0
2026-03-28,34000.0,20250.0,18850.0,36850.0,34450.0,50000.0,32000.0,26600.0,25000.0,31650.0,33150.0,39750.0,45200.0,24200.0,37200.0,29950.0,28500.0,33200.0,53750.0,42500.0,26700.0,30850.0,45000.0,12500.0,11750.0,30900.0,32500.0,28350.0,29000.0,21650.0,46250.0,65700.0,64550.0
2026-03-29,34000.0,20250.0,18850.0,36850.0,34450.0,50000.0,32000.0,26600.0,25000.0,31650.0,33150.0,39750.0,45200.0,24200.0,37200.0,29950.0,28500.0,33200.0,53750.0,42500.0,26700.0,30850.0,45000.0,12500.0,11750.0,30900.0,32500.0,28350.0,29000.0,21650.0,46250.0,65700.0,64550.0
2026-03-30,34000.0,20250.0,18850.0,36850.0,34450.0,50000.0,32000.0,26600.0,25000.0,31650.0,33150.0,39750.0,45200.0,24200.0,37200.0,29950.0,28500.0,33200.0,53750.0,42500.0,26700.0,30850.0,45000.0,12500.0,11750.0,30900.0,32500.0,28350.0,29000.0,21650.0,46250.0,65700.0,64550.0
2026-03-31,34000.0,20250.0,18850.0,36850.0,34450.0,50000.0,32000.0,26600.0,25000.0,31650.0,33150.0,39750.0,45200.0,24200.0,37200.0,29950.0,28500.0,33200.0,53750.0,42500.0,26700.0,30850.0,45000.0,12500.0,11750.0,30900.0,32500.0,28350.0,29000.0,21650.0,46250.0,65700.0,64550.0
2026-04-01,34000.0,20250.0,18850.0,36850.0,34450.0,50000.0,32000.0,26600.0,25000.0,31650.0,33150.0,39750.0,45200.0,24200.0,37200.0,29950.0,28500.0,33200.0,53750.0,42500.0,26700.0,30850.0,45000.0,12500.0,11750.0,30900.0,32500.0,28350.0,29000.0,21650.0,46250.0,65700.0,64550.0
2026-04-02,34000.0,20250.0,18850.0,36850.0,34450.0,50000.0,32000.0,26600.0,25000.0,31650.0,33150.0,39750.0,45200.0,24200.0,37200.0,29950.0,28500.0,33200.0,53750.0,42500.0,26700.0,30850.0,45000.0,12500.0,11750.0,30900.0,32500.0,28350.0,29000.0,21650.0,46250.0,65700.0,64550.0
2026-04-03,34000.0,20250.0,18850.0,36850.0,34450.0,50000.0,32000.0,26600.0,25000.0,31650.0,33150.0,39750.0,45200.0,24200.0,37200.0,29950.0,28500.0,33200.0,53750.0,42500.0,26700.0,30850.0,45000.0,12500.0,11750.0,30900.0,32500.0,28350.0,29000.0,21650.0,46250.0,65700.0,64550.0
2026-04-04,34000.0,20250.0,18850.0,36850.0,34450.0,50000.0,32000.0,26600.0,25000.0,31650.0,33150.0,39750.0,45200.0,24200.0,37200.0,29950.0,28500.0,33200.0,53750.0,42500.0,26700.0,30850.0,45000.0,12500.0,11750.0,30900.0,32500.0,28350.0,29000.0,21650.0,46250.0,65700.0,64550.0
2026-04-05,34000.0,20250.0,18850.0,36850.0,34450.0,50000.0,32000.0,26600.0,25000.0,31650.0,33150.0,39750.0,45200.0,24200.0,37200.0,29950.0,28500.0,33200.0,53750.0,42500.0,26700.0,30850.0,45000.0,12500.0,11750.0,30900.0,32500.0,28350.0,29000.0,21650.0,46250.0,65700.0,64550.0
2026-04-06,34000.0,20250.0,18850.0,36850.0,34450.0,50000.0,32000.0,26600.0,25000.0,31650.0,33150.0,39750.0,45200.0,24200.0,37200.0,29950.0,28500.0,33200.0,53750.0,42500.0,26700.0,30850.0,45000.0,12500.0,11750.0,30900.0,32500.0,28350.0,29000.0,21650.0,46250.0,65700.0,64550.0
2026-04-07,34000.0,20250.0,18850.0,36850.0,34450.0,50000.0,32000.0,26600.0,25000.0,31650.0,33150.0,39750.0,45200.0,24200.0,37200.0,29950.0,28500.0,33200.0,53750.0,42500.0,26700.0,30850.0,45000.0,12500.0,11750.0,30900.0,32500.0,28350.0,29000.0,21650.0,46250.0,65700.0,64550.0
2026-04-08,34000.0,20250.0,18850.0,36850.0,34450.0,50000.0,32000.0,26600.0,25000.0,31650.0,33150.0,39750.0,45200.0,24200.0,37200.0,29950.0,28500.0,33200.0,53750.0,42500.0,26700.0,30850.0,45000.0,12500.0,11750.0,30900.0,32500.0,28350.0,29000.0,21650.0,46250.0,65700.0,64550.0
2026-04-09,34000.0,20250.0,18850.0,36850.0,34450.0,50000.0,32000.0,26600.0,25000.0,31650.0,33150.0,39750.0,45200.0,24200.0,37200.0,29950.0,28500.0,33200.0,53750.0,42500.0,26700.0,30850.0,45000.0,12500.0,11750.0,30900.0,32500.0,28350.0,29000.0,21650.0,46250.0,65700.0,64550.0
2026-04-10,34000.0,20250.0,18850.0,36850.0,34450.0,50000.0,32000.0,26600.0,25000.0,31650.0,33150.0,39750.0,45200.0,24200.0,37200.0,29950.0,28500.0,33200.0,53750.0,42500.0,26700.0,30850.0,45000.0,12500.0,11750.0,30900.0,32500.0,28350.0,29000.0,21650.0,46250.0,65700.0,64550.0
2026-04-11,34000.0,20250.0,18850.0,36850.0,34450.0,50000.0,32000.0,26600.0,25000.0,31650.0,33150.0,39750.0,45200.0,24200.0,37200.0,29950.0,28500.0,33200.0,53750.0,42500.0,26700.0,30850.0,45000.0,12500.0,11750.0,30900.0,32500.0,28350.0,29000.0,21650.0,46250.0,65700.0,64550.0
2026-04-12,34000.0,20250.0,18850.0,36850.0,34450.0,50000.0,32000.0,26600.0,25000.0,31650.0,33150.0,39750.0,45200.0,24200.0,37200.0,29950.0,28500.0,33200.0,53750.0,42500.0,26700.0,30850.0,45000.0,12500.0,11750.0,30900.0,32500.0,28350.0,29000.0,21650.0,46250.0,65700.0,64550.0
2026-04-13,34000.0,20250.0,18850.0,36850.0,34450.0,50000.0,32000.0,26600.0,25000.0,31650.0,33150.0,39750.0,45200.0,24200.0,37200.0,29950.0,28500.0,33200.0,53750.0,42500.0,26700.0,30850.0,45000.0,12500.0,11750.0,30900.0,32500.0,28350.0,29000.0,21650.0,46250.0,65700.0,64550.0
2026-04-14,34000.0,20250.0,18850.0,36850.0,34450.0,50000.0,32000.0,26600.0,25000.0,31650.0,33150.0,39750.0,45200.0,24200.0,37200.0,29950.0,28500.0,33200.0,53750.0,42500.0,26700.0,30850.0,45000.0,12500.0,11750.0,30900.0,32500.0,28350.0,29000.0,21650.0,46250.0,65700.0,64550.0
2026-04-15,34000.0,20250.0,18850.0,36850.0,34450.0,50000.0,32000.0,26600.0,25000.0,31650.0,33150.0,39750.0,45200.0,24200.0,37200.0,29950.0,28500.0,33200.0,53750.0,42500.0,26700.0,30850.0,45000.0,12500.0,11750.0,30900.0,32500.0,28350.0,29000.0,21650.0,46250.0,65700.0,64550.0
2026-04-16,34000.0,20250.0,18850.0,36850.0,34450.0,50000.0,32000.0,26600.0,25000.0,31650.0,33150.0,39750.0,45200.0,24200.0,37200.0,29950.0,28500.0,33200.0,53750.0,42500.0,26700.0,30850.0,45000.0,12500.0,11750.0,30900.0,32500.0,28350.0,29000.0,21650.0,46250.0,65700.0,64550.0
2026-04-17,34350.0,20250.0,18850.0,36850.0,34450.0,60000.0,32000.0,26600.0,25000.0,31650.0,33150.0,39750.0,45200.0,24200.0,37200.0,29950.0,28500.0,33200.0,53750.0,42500.0,26700.0,30850.0,45000.0,12500.0,11750.0,30900.0,32500.0,28350.0,29000.0,21650.0,46250.0,65700.0,64550.0
2026-04-18,34350.0,20250.0,18850.0,36850.0,34450.0,60000.0,32000.0,26600.0,25000.0,31650.0,33150.0,39750.0,45200.0,24200.0,37200.0,29950.0,28500.0,33200.0,53750.0,42500.0,26700.0,30850.0,45000.0,12500.0,11750.0,30900.0,32500.0,28350.0,29000.0,21650.0,46250.0,65700.0,64550.0
2026-04-19,34350.0,20250.0,18850.0,36850.0,34450.0,60000.0,32000.0,26600.0,25000.0,31650.0,33150.0,39750.0,45200.0,24200.0,37200.0,29950.0,28500.0,33200.0,53750.0,42500.0,26700.0,30850.0,45000.0,12500.0,11750.0,30900.0,32500.0,28350.0,29000.0,21650.0,46250.0,65700.0,64550.0
2026-04-20,33800.0,20250.0,18850.0,36850.0,34450.0,42500.0,32000.0,26600.0,25000.0,31650.0,33150.0,39750.0,45200.0,24200.0,37200.0,29950.0,28500.0,33200.0,53750.0,42500.0,26700.0,30850.0,45000.0,12500.0,11750.0,30900.0,32500.0,28350.0,29000.0,21650.0,46250.0,65700.0,64550.0
2026-04-21,33850.0,20250.0,18850.0,36850.0,34450.0,42500.0,32000.0,26600.0,27500.0,31650.0,33150.0,39750.0,45200.0,24200.0,37200.0,29950.0,28500.0,33200.0,53750.0,42500.0,26700.0,30850.0,45000.0,12500.0,11750.0,30900.0,32500.0,28350.0,29000.0,21650.0,46250.0,65700.0,64550.0
2026-04-22,34250.0,20250.0,18850.0,36850.0,34450.0,42500.0,32000.0,26600.0,27500.0,31650.0,33150.0,39750.0,44250.0,24200.0,37200.0,29950.0,28500.0,29500.0,53750.0,42500.0,26700.0,30850.0,45000.0,30000.0,11750.0,30900.0,32500.0,28350.0,29000.0,21650.0,46250.0,65700.0,64550.0
2026-04-23,34500.0,20250.0,18850.0,36850.0,34450.0,42500.0,32000.0,26600.0,27500.0,31650.0,40000.0,39750.0,44250.0,24200.0,37200.0,29950.0,28500.0,29500.0,53750.0,42500.0,26700.0,30850.0,45000.0,30000.0,11750.0,30900.0,32500.0,28350.0,29000.0,21650.0,46250.0,65700.0,64550.0
2026-04-24,34450.0,20250.0,17850.0,36850.0,34450.0,42500.0,32000.0,26600.0,27500.0,31650.0,40000.0,36750.0,38200.0,24800.0,37200.0,32850.0,30000.0,29500.0,53750.0,42500.0,30000.0,30850.0,45000.0,30000.0,11750.0,30900.0,32500.0,28350.0,29000.0,21650.0,46250.0,65700.0,64550.0
2026-04-25,34450.0,20250.0,17850.0,36850.0,34450.0,42500.0,32000.0,26600.0,27500.0,31650.0,40000.0,36750.0,38200.0,24800.0,37200.0,32850.0,30000.0,29500.0,53750.0,42500.0,30000.0,30850.0,45000.0,30000.0,11750.0,30900.0,32500.0,28350.0,29000.0,21650.0,46250.0,65700.0,64550.0
2026-04-26,34450.0,20250.0,17850.0,36850.0,34450.0,42500.0,32000.0,26600.0,27500.0,31650.0,40000.0,36750.0,38200.0,24800.0,37200.0,32850.0,30000.0,29500.0,53750.0,42500.0,30000.0,30850.0,45000.0,30000.0,11750.0,30900.0,32500.0,28350.0,29000.0,21650.0,46250.0,65700.0,64550.0
2026-04-27,29000.0,18200.0,17000.0,24850.0,25000.0,42500.0,32000.0,26600.0,27500.0,25000.0,40000.0,36750.0,26450.0,26300.0,28200.0,28800.0,30000.0,29500.0,24500.0,34000.0,30000.0,28750.0,45000.0,30000.0,13700.0,24650.0,16350.0,29350.0,32750.0,21650.0,45000.0,38650.0,38550.0
2026-04-28,29300.0,18200.0,17000.0,24850.0,25000.0,42500.0,32000.0,24250.0,27500.0,25000.0,40000.0,36750.0,26450.0,26300.0,28200.0,28800.0,30000.0,29500.0,24500.0,34000.0,30000.0,28750.0,42500.0,30000.0,13700.0,24650.0,16350.0,29350.0,32750.0,21650.0,45000.0,38650.0,38550.0
2026-04-29,29300.0,18200.0,17000.0,24850.0,25000.0,42500.0,32000.0,24250.0,27500.0,25000.0,40000.0,36750.0,26450.0,26300.0,28200.0,28800.0,30000.0,29500.0,24500.0,34000.0,30000.0,28750.0,42500.0,30000.0,13700.0,24650.0,16350.0,29350.0,32750.0,21650.0,45000.0,38650.0,38550.0
2026-04-30,29300.0,18200.0,17000.0,24850.0,25000.0,42500.0,32000.0,24250.0,27500.0,25000.0,40000.0,36750.0,26450.0,26300.0,28200.0,28800.0,30000.0,29500.0,24500.0,34000.0,30000.0,28750.0,42500.0,30000.0,13700.0,24650.0,16350.0,29350.0,32750.0,21650.0,45000.0,38650.0,38550.0
2026-05-01,29550.0,18200.0,17000.0,24850.0,25000.0,42500.0,32000.0,24250.0,27500.0,25000.0,40000.0,36750.0,33200.0,26300.0,28200.0,28800.0,30000.0,29500.0,24500.0,34000.0,30000.0,28750.0,42500.0,30000.0,13700.0,24650.0,16350.0,29350.0,32750.0,21650.0,45000.0,38650.0,38550.0
2026-05-02,29550.0,18200.0,17000.0,24850.0,25000.0,42500.0,32000.0,24250.0,27500.0,25000.0,40000.0,36750.0,33200.0,26300.0,28200.0,28800.0,30000.0,29500.0,24500.0,34000.0,30000.0,28750.0,42500.0,30000.0,13700.0,24650.0,16350.0,29350.0,32750.0,21650.0,45000.0,38650.0,38550.0
2026-05-03,29550.0,18200.0,17000.0,24850.0,25000.0,42500.0,32000.0,24250.0,27500.0,25000.0,40000.0,36750.0,33200.0,26300.0,28200.0,28800.0,30000.0,29500.0,24500.0,34000.0,30000.0,28750.0,42500.0,30000.0,13700.0,24650.0,16350.0,29350.0,32750.0,21650.0,45000.0,38650.0,38550.0
2026-05-04,29550.0,18200.0,17000.0,24850.0,25000.0,42500.0,32000.0,24250.0,27500.0,25000.0,40000.0,36750.0,33200.0,26300.0,28200.0,28800.0,30000.0,29500.0,24500.0,34000.0,30000.0,28750.0,42500.0,30000.0,13700.0,24650.0,16350.0,29350.0,32750.0,21650.0,45000.0,38650.0,38550.0
2026-05-05,29200.0,18200.0,17000.0,24850.0,25000.0,42500.0,20000.0,24250.0,27500.0,25000.0,40000.0,36750.0,33200.0,26300.0,28200.0,28800.0,30000.0,29500.0,24500.0,34000.0,30000.0,28750.0,42500.0,30000.0,13700.0,24650.0,16350.0,29350.0,32750.0,21650.0,45000.0,38650.0,38550.0
2026-05-06,29250.0,18200.0,17000.0,24850.0,25000.0,42500.0,20000.0,24250.0,27500.0,25000.0,40000.0,36750.0,33200.0,26300.0,28200.0,28800.0,30000.0,29500.0,24500.0,34000.0,30000.0,28750.0,42500.0,30000.0,13700.0,24650.0,16350.0,29350.0,32750.0,30000.0,45000.0,38650.0,38550.0
2026-05-07,29250.0,18200.0,17000.0,24850.0,25000.0,42500.0,20000.0,24250.0,27500.0,25000.0,40000.0,36750.0,33200.0,26300.0,28200.0,28800.0,30000.0,29500.0,24500.0,34000.0,30000.0,28750.0,42500.0,30000.0,13700.0,24650.0,16350.0,29350.0,32750.0,30000.0,45000.0,38650.0,38550.0
2026-05-08,29250.0,18200.0,17000.0,24850.0,25000.0,42500.0,20000.0,24250.0,27500.0,25000.0,40000.0,36750.0,33200.0,26300.0,28200.0,28800.0,30000.0,29500.0,24500.0,34000.0,30000.0,28750.0,42500.0,30000.0,13700.0,24650.0,16350.0,29350.0,32750.0,30000.0,45000.0,38650.0,38550.0
2026-05-09,29250.0,18200.0,17000.0,24850.0,25000.0,42500.0,20000.0,24250.0,27500.0,25000.0,40000.0,36750.0,33200.0,26300.0,28200.0,28800.0,30000.0,29500.0,24500.0,34000.0,30000.0,28750.0,42500.0,30000.0,13700.0,24650.0,16350.0,29350.0,32750.0,30000.0,45000.0,38650.0,38550.0
2026-05-10,29250.0,18200.0,17000.0,24850.0,25000.0,42500.0,20000.0,24250.0,27500.0,25000.0,40000.0,36750.0,33200.0,26300.0,28200.0,28800.0,30000.0,29500.0,24500.0,34000.0,30000.0,28750.0,42500.0,30000.0,13700.0,24650.0,16350.0,29350.0,32750.0,30000.0,45000.0,38650.0,38550.0
2026-05-11,29250.0,18200.0,17000.0,24850.0,25000.0,42500.0,20000.0,24250.0,27500.0,25000.0,40000.0,36750.0,33200.0,26300.0,28200.0,28800.0,30000.0,29500.0,24500.0,34000.0,30000.0,28750.0,42500.0,30000.0,13700.0,24650.0,16350.0,29350.0,32750.0,30000.0,45000.0,38650.0,38550.0
2026-05-12,29250.0,18200.0,17000.0,24850.0,25000.0,42500.0,20000.0,24250.0,27500.0,25000.0,40000.0,36750.0,33200.0,26300.0,28200.0,28800.0,30000.0,29500.0,24500.0,34000.0,30000.0,28750.0,42500.0,30000.0,13700.0,24650.0,16350.0,29350.0,32750.0,30000.0,45000.0,38650.0,38550.0
2026-05-13,29250.0,18200.0,17000.0,24850.0,25000.0,42500.0,20000.0,24250.0,27500.0,25000.0,40000.0,36750.0,33200.0,26300.0,28200.0,28800.0,30000.0,29500.0,24500.0,34000.0,30000.0,28750.0,42500.0,30000.0,13700.0,24650.0,16350.0,29350.0,32750.0,30000.0,45000.0,38650.0,38550.0
2026-05-14,29250.0,18200.0,17000.0,24850.0,25000.0,42500.0,20000.0,24250.0,27500.0,25000.0,40000.0,36750.0,33200.0,26300.0,28200.0,28800.0,30000.0,29500.0,24500.0,34000.0,30000.0,28750.0,42500.0,30000.0,13700.0,24650.0,16350.0,29350.0,32750.0,30000.0,45000.0,38650.0,38550.0
2026-05-15,29250.0,18200.0,17000.0,24850.0,25000.0,42500.0,20000.0,24250.0,27500.0,25000.0,40000.0,36750.0,33200.0,26300.0,28200.0,28800.0,30000.0,29500.0,24500.0,34000.0,30000.0,28750.0,42500.0,30000.0,13700.0,24650.0,16350.0,29350.0,32750.0,30000.0,45000.0,38650.0,38550.0
2026-05-16,29250.0,18200.0,17000.0,24850.0,25000.0,42500.0,20000.0,24250.0,27500.0,25000.0,40000.0,36750.0,33200.0,26300.0,28200.0,28800.0,30000.0,29500.0,24500.0,34000.0,30000.0,28750.0,42500.0,30000.0,13700.0,24650.0,16350.0,29350.0,32750.0,30000.0,45000.0,38650.0,38550.0
2026-05-17,29250.0,18200.0,17000.0,24850.0,25000.0,42500.0,20000.0,24250.0,27500.0,25000.0,40000.0,36750.0,33200.0,26300.0,28200.0,28800.0,30000.0,29500.0,24500.0,34000.0,30000.0,28750.0,42500.0,30000.0,13700.0,24650.0,16350.0,29350.0,32750.0,30000.0,45000.0,38650.0,38550.0
2026-05-18,29300.0,18200.0,17000.0,24850.0,25000.0,44350.0,20000.0,24250.0,27500.0,25000.0,40000.0,36750.0,33200.0,26300.0,28200.0,28800.0,30000.0,29500.0,24500.0,34000.0,30000.0,28750.0,42500.0,30000.0,13700.0,24650.0,16350.0,29350.0,32750.0,30000.0,45000.0,38650.0,38550.0
2026-05-19,29300.0,18200.0,17000.0,24850.0,25000.0,44350.0,20000.0,24250.0,27500.0,25000.0,40000.0,36750.0,33200.0,26300.0,28200.0,28800.0,30000.0,29500.0,24500.0,34000.0,30000.0,28750.0,42500.0,30000.0,13700.0,24650.0,16350.0,29350.0,32750.0,30000.0,45000.0,38650.0,38550.0
2026-05-20,29300.0,18200.0,17000.0,24850.0,25000.0,44350.0,20000.0,24250.0,27500.0,25000.0,40000.0,36750.0,33200.0,26300.0,28200.0,28800.0,30000.0,29500.0,24500.0,34000.0,30000.0,28750.0,42500.0,30000.0,13700.0,24650.0,16350.0,29350.0,32750.0,30000.0,45000.0,38650.0,38550.0
2026-05-21,29700.0,18200.0,17000.0,24850.0,25000.0,44350.0,20000.0,24250.0,40000.0,25000.0,40000.0,36750.0,33200.0,26300.0,28200.0,28800.0,30000.0,29500.0,24500.0,34000.0,30000.0,28750.0,42500.0,30000.0,13700.0,24650.0,16350.0,29350.0,32750.0,30000.0,45000.0,38650.0,38550.0
2026-05-22,29750.0,18200.0,17000.0,24850.0,25000.0,44350.0,20000.0,24250.0,40000.0,25000.0,40000.0,36750.0,33200.0,26300.0,28200.0,28800.0,30000.0,36650.0,24500.0,34000.0,30000.0,28750.0,42500.0,25000.0,13700.0,24650.0,16350.0,29350.0,32750.0,30000.0,45000.0,38650.0,38550.0
2026-05-23,29750.0,18200.0,17000.0,24850.0,25000.0,44350.0,20000.0,24250.0,40000.0,25000.0,40000.0,36750.0,33200.0,26300.0,28200.0,28800.0,30000.0,36650.0,24500.0,34000.0,30000.0,28750.0,42500.0,25000.0,13700.0,24650.0,16350.0,29350.0,32750.0,30000.0,45000.0,38650.0,38550.0
2026-05-24,29750.0,18200.0,17000.0,24850.0,25000.0,44350.0,20000.0,24250.0,40000.0,25000.0,40000.0,36750.0,33200.0,26300.0,28200.0,28800.0,30000.0,36650.0,24500.0,34000.0,30000.0,28750.0,42500.0,25000.0,13700.0,24650.0,16350.0,29350.0,32750.0,30000.0,45000.0,38650.0,38550.0
2026-05-25,36050.0,27100.0,24900.0,36350.0,29100.0,44350.0,32000.0,35000.0,40000.0,39350.0,51250.0,40250.0,41550.0,32900.0,35700.0,37500.0,38000.0,36650.0,37500.0,37850.0,25000.0,34250.0,45000.0,25000.0,19000.0,32900.0,27700.0,36000.0,62500.0,33350.0,40000.0,50500.0,25350.0
2026-05-26,36150.0,27100.0,24900.0,36350.0,29100.0,44350.0,32000.0,35000.0,40000.0,39350.0,51250.0,40250.0,43700.0,32900.0,35700.0,37500.0,38000.0,36650.0,37500.0,37850.0,25000.0,34250.0,45000.0,25000.0,19000.0,32900.0,27700.0,36000.0,62500.0,33350.0,40000.0,50500.0,25350.0
2026-05-27,36150.0,27100.0,24900.0,36350.0,29100.0,44350.0,32000.0,35000.0,40000.0,39350.0,51250.0,40250.0,43700.0,33550.0,35700.0,37500.0,38000.0,36650.0,37500.0,37850.0,25000.0,34250.0,45000.0,25000.0,19000.0,32900.0,27700.0,36000.0,62500.0,33350.0,40000.0,50500.0,25350.0
2026-05-28,36150.0,27100.0,24900.0,36350.0,29100.0,44350.0,32000.0,35000.0,40000.0,39350.0,51250.0,40250.0,43700.0,33550.0,35700.0,37500.0,38000.0,36650.0,37500.0,37850.0,25000.0,34250.0,45000.0,25000.0,19000.0,32900.0,27700.0,36000.0,62500.0,33350.0,40000.0,50500.0,25350.0
2026-05-29,36400.0,27100.0,24900.0,36350.0,29100.0,44350.0,32000.0,35000.0,40000.0,39350.0,51250.0,40250.0,43700.0,33550.0,35700.0,37500.0,38000.0,36650.0,45000.0,37850.0,25000.0,34250.0,45000.0,25000.0,19000.0,32900.0,27700.0,36000.0,62500.0,33350.0,40000.0,50500.0,25350.0
2026-05-30,36400.0,27100.0,24900.0,36350.0,29100.0,44350.0,32000.0,35000.0,40000.0,39350.0,51250.0,40250.0,43700.0,33550.0,35700.0,37500.0,38000.0,36650.0,45000.0,37850.0,25000.0,34250.0,45000.0,25000.0,19000.0,32900.0,27700.0,36000.0,62500.0,33350.0,40000.0,50500.0,25350.0
2026-05-31,36400.0,27100.0,24900.0,36350.0,29100.0,44350.0,32000.0,35000.0,40000.0,39350.0,51250.0,40250.0,43700.0,33550.0,35700.0,37500.0,38000.0,36650.0,45000.0,37850.0,25000.0,34250.0,45000.0,25000.0,19000.0,32900.0,27700.0,36000.0,62500.0,33350.0,40000.0,50500.0,25350.0
2026-06-01,36400.0,27100.0,24900.0,36350.0,29100.0,44350.0,32000.0,35000.0,40000.0,39350.0,51250.0,40250.0,43700.0,33550.0,35700.0,37500.0,38000.0,36650.0,45000.0,37850.0,25000.0,34250.0,45000.0,25000.0,19000.0,32900.0,27700.0,36000.0,62500.0,33350.0,40000.0,50500.0,25350.0
2026-06-02,36400.0,27100.0,24900.0,36350.0,29100.0,44350.0,32000.0,35000.0,40000.0,39350.0,51250.0,40250.0,43700.0,33550.0,35700.0,37500.0,38000.0,36650.0,45000.0,37850.0,25000.0,34250.0,45000.0,25000.0,19000.0,32900.0,27700.0,36000.0,62500.0,33350.0,40000.0,50500.0,25350.0
2026-06-03,36400.0,27100.0,24900.0,36350.0,29100.0,44350.0,32000.0,35000.0,40000.0,39350.0,51250.0,40250.0,43700.0,33550.0,35700.0,37500.0,38000.0,36650.0,45000.0,37850.0,25000.0,34250.0,45000.0,25000.0,19000.0,32900.0,27700.0,36000.0,62500.0,33350.0,40000.0,50500.0,25350.0
2026-06-04,36400.0,27100.0,24900.0,36350.0,29100.0,44350.0,32000.0,35000.0,40000.0,39350.0,51250.0,40250.0,43700.0,33550.0,35700.0,37500.0,38000.0,36650.0,45000.0,37850.0,25000.0,34250.0,45000.0,25000.0,19000.0,32900.0,27700.0,36000.0,62500.0,33350.0,40000.0,50500.0,25350.0
2026-06-05,36400.0,27100.0,24900.0,36350.0,29100.0,44350.0,32000.0,35000.0,40000.0,39350.0,51250.0,40250.0,43700.0,33550.0,35700.0,37500.0,38000.0,36650.0,45000.0,37850.0,25000.0,34250.0,45000.0,25000.0,19000.0,32900.0,27700.0,36000.0,62500.0,33350.0,40000.0,50500.0,25350.0
2026-06-06,36400.0,27100.0,24900.0,36350.0,29100.0,44350.0,32000.0,35000.0,40000.0,39350.0,51250.0,40250.0,43700.0,33550.0,35700.0,37500.0,38000.0,36650.0,45000.0,37850.0,25000.0,34250.0,45000.0,25000.0,19000.0,32900.0,27700.0,36000.0,62500.0,33350.0,40000.0,50500.0,25350.0
2026-06-07,36400.0,27100.0,24900.0,36350.0,29100.0,44350.0,32000.0,35000.0,40000.0,39350.0,51250.0,40250.0,43700.0,33550.0,35700.0,37500.0,38000.0,36650.0,45000.0,37850.0,25000.0,34250.0,45000.0,25000.0,19000.0,32900.0,27700.0,36000.0,62500.0,33350.0,40000.0,50500.0,25350.0
2026-06-08,36400.0,27100.0,24900.0,36350.0,29100.0,44350.0,32000.0,35000.0,40000.0,39350.0,51250.0,40250.0,43700.0,33550.0,35700.0,37500.0,38000.0,36650.0,45000.0,37850.0,25000.0,34250.0,45000.0,25000.0,19000.0,32900.0,27700.0,36000.0,62500.0,33350.0,40000.0,50500.0,25350.0
2026-06-09,36400.0,27100.0,24900.0,36350.0,29100.0,44350.0,32000.0,35000.0,40000.0,39350.0,51250.0,40250.0,43700.0,33550.0,35700.0,37500.0,38000.0,36650.0,45000.0,37850.0,25000.0,34250.0,45000.0,25000.0,19000.0,32900.0,27700.0,36000.0,62500.0,33350.0,40000.0,50500.0,25350.0
2026-06-10,36400.0,27100.0,24900.0,36350.0,29100.0,44350.0,32000.0,35000.0,40000.0,39350.0,51250.0,40250.0,43700.0,33550.0,35700.0,37500.0,38000.0,36650.0,45000.0,37850.0,25000.0,34250.0,45000.0,25000.0,19000.0,32900.0,27700.0,36000.0,62500.0,33350.0,40000.0,50500.0,25350.0
2026-06-11,36400.0,27100.0,24900.0,36350.0,29100.0,44350.0,32000.0,35000.0,40000.0,39350.0,51250.0,40250.0,43700.0,33550.0,35700.0,37500.0,38000.0,36650.0,45000.0,37850.0,25000.0,34250.0,45000.0,25000.0,19000.0,32900.0,27700.0,36000.0,62500.0,33350.0,40000.0,50500.0,25350.0
2026-06-12,36400.0,27100.0,24900.0,36350.0,29100.0,44350.0,32000.0,35000.0,40000.0,39350.0,51250.0,40250.0,43700.0,33550.0,35700.0,37500.0,38000.0,36650.0,45000.0,37850.0,25000.0,34250.0,45000.0,25000.0,19000.0,32900.0,27700.0,36000.0,62500.0,33350.0,40000.0,50500.0,25350.0
2026-06-13,36400.0,27100.0,24900.0,36350.0,29100.0,44350.0,32000.0,35000.0,40000.0,39350.0,51250.0,40250.0,43700.0,33550.0,35700.0,37500.0,38000.0,36650.0,45000.0,37850.0,25000.0,34250.0,45000.0,25000.0,19000.0,32900.0,27700.0,36000.0,62500.0,33350.0,40000.0,50500.0,25350.0
2026-06-14,36400.0,27100.0,24900.0,36350.0,29100.0,44350.0,32000.0,35000.0,40000.0,39350.0,51250.0,40250.0,43700.0,33550.0,35700.0,37500.0,38000.0,36650.0,45000.0,37850.0,25000.0,34250.0,45000.0,25000.0,19000.0,32900.0,27700.0,36000.0,62500.0,33350.0,40000.0,50500.0,25350.0
2026-06-15,36400.0,27100.0,24900.0,36350.0,29100.0,44350.0,32000.0,35000.0,40000.0,39350.0,51250.0,40250.0,43700.0,33550.0,35700.0,37500.0,38000.0,36650.0,45000.0,37850.0,25000.0,34250.0,45000.0,25000.0,19000.0,32900.0,27700.0,36000.0,62500.0,33350.0,40000.0,50500.0,25350.0
2026-06-16,36400.0,27100.0,24900.0,36350.0,29100.0,44350.0,32000.0,35000.0,40000.0,39350.0,51250.0,40250.0,43700.0,33550.0,35700.0,37500.0,38000.0,36650.0,45000.0,37850.0,25000.0,34250.0,45000.0,25000.0,19000.0,32900.0,27700.0,36000.0,62500.0,33350.0,40000.0,50500.0,25350.0
2026-06-17,36400.0,27100.0,24900.0,36350.0,29100.0,44350.0,32000.0,35000.0,40000.0,39350.0,51250.0,40250.0,43700.0,33550.0,35700.0,37500.0,38000.0,36650.0,45000.0,37850.0,25000.0,34250.0,45000.0,25000.0,19000.0,32900.0,27700.0,36000.0,62500.0,33350.0,40000.0,50500.0,25350.0
2026-06-18,36250.0,27100.0,24900.0,36350.0,29100.0,40000.0,32000.0,35000.0,40000.0,39350.0,51250.0,40250.0,43700.0,33550.0,35700.0,37500.0,38000.0,36650.0,45000.0,37850.0,25000.0,34250.0,45000.0,25000.0,19000.0,32900.0,27700.0,36000.0,62500.0,33350.0,40000.0,50500.0,25350.0
2026-06-19,36250.0,27100.0,24900.0,36350.0,29100.0,40000.0,32000.0,35000.0,40000.0,39350.0,51250.0,40250.0,43700.0,33550.0,35700.0,37500.0,38000.0,36650.0,45000.0,37850.0,25000.0,34250.0,45000.0,25000.0,19000.0,32900.0,27700.0,36000.0,62500.0,33350.0,40000.0,50500.0,25350.0
2026-06-20,36250.0,27100.0,24900.0,36350.0,29100.0,40000.0,32000.0,35000.0,40000.0,39350.0,51250.0,40250.0,43700.0,33550.0,35700.0,37500.0,38000.0,36650.0,45000.0,37850.0,25000.0,34250.0,45000.0,25000.0,19000.0,32900.0,27700.0,36000.0,62500.0,33350.0,40000.0,50500.0,25350.0
2026-06-21,36250.0,27100.0,24900.0,36350.0,29100.0,40000.0,32000.0,35000.0,40000.0,39350.0,51250.0,40250.0,43700.0,33550.0,35700.0,37500.0,38000.0,36650.0,45000.0,37850.0,25000.0,34250.0,45000.0,25000.0,19000.0,32900.0,27700.0,36000.0,62500.0,33350.0,40000.0,50500.0,25350.0
2026-06-22,35400.0,27100.0,24900.0,36350.0,29100.0,40000.0,32000.0,35000.0,27500.0,39350.0,51250.0,40250.0,38750.0,33550.0,35700.0,37500.0,38000.0,27500.0,45000.0,37850.0,25000.0,34250.0,45000.0,25000.0,19000.0,32900.0,27700.0,36000.0,62500.0,33350.0,40000.0,50500.0,25350.0
2026-06-23,35750.0,27100.0,24900.0,36350.0,29100.0,40000.0,32000.0,35000.0,27500.0,39350.0,51250.0,40250.0,38750.0,33550.0,35700.0,37500.0,38000.0,27500.0,45000.0,37850.0,25000.0,34250.0,45000.0,25000.0,19000.0,32900.0,27700.0,36000.0,62500.0,33350.0,40000.0,50500.0,25350.0
2026-06-24,35150.0,27100.0,24900.0,36350.0,29100.0,40000.0,32000.0,35000.0,27500.0,39350.0,43000.0,40250.0,38750.0,33550.0,35700.0,37500.0,38000.0,27500.0,45000.0,37850.0,25000.0,34250.0,45000.0,25000.0,19000.0,32900.0,27700.0,36000.0,62500.0,33350.0,40000.0,50500.0,25350.0
2026-06-25,36700.0,35400.0,33350.0,41350.0,34650.0,40000.0,28350.0,34750.0,27500.0,39000.0,43000.0,39500.0,31000.0,26850.0,30350.0,26000.0,38000.0,27500.0,32500.0,48700.0,23350.0,32500.0,70000.0,25000.0,25350.0,33900.0,28350.0,38350.0,50500.0,40000.0,42500.0,66200.0,41000.0
2026-06-26,36700.0,35400.0,33350.0,41350.0,34650.0,40000.0,28350.0,34750.0,27500.0,39000.0,43000.0,39500.0,31000.0,26850.0,30350.0,26000.0,38000.0,27500.0,32500.0,48700.0,23350.0,32500.0,70000.0,25000.0,25350.0,33900.0,28350.0,38350.0,50500.0,40000.0,42500.0,66200.0,41000.0
2026-06-27,36700.0,35400.0,33350.0,41350.0,34650.0,40000.0,28350.0,34750.0,27500.0,39000.0,43000.0,39500.0,31000.0,26850.0,30350.0,26000.0,38000.0,27500.0,32500.0,48700.0,23350.0,32500.0,70000.0,25000.0,25350.0,33900.0,28350.0,38350.0,50500.0,40000.0,42500.0,66200.0,41000.0
2026-06-28,36700.0,35400.0,33350.0,41350.0,34650.0,40000.0,28350.0,34750.0,27500.0,39000.0,43000.0,39500.0,31000.0,26850.0,30350.0,26000.0,38000.0,27500.0,32500.0,48700.0,23350.0,32500.0,70000.0,25000.0,25350.0,33900.0,28350.0,38350.0,50500.0,40000.0,42500.0,66200.0,41000.0
2026-06-29,36700.0,35400.0,33350.0,41350.0,34650.0,40000.0,28350.0,34750.0,27500.0,39000.0,43000.0,39500.0,31000.0,26850.0,30350.0,26000.0,38000.0,27500.0,32500.0,48700.0,23350.0,32500.0,70000.0,25000.0,25350.0,33900.0,28350.0,38350.0,50500.0,40000.0,42500.0,66200.0,41000.0
2026-06-30,36700.0,35400.0,33350.0,41350.0,34650.0,40000.0,28350.0,34750.0,27500.0,39000.0,43000.0,39500.0,31000.0,26850.0,30350.0,26000.0,38000.0,27500.0,32500.0,48700.0,23350.0,32500.0,70000.0,25000.0,25350.0,33900.0,28350.0,38350.0,50500.0,40000.0,42500.0,66200.0,41000.0
2026-07-01,36700.0,35400.0,33350.0,41350.0,34650.0,40000.0,28350.0,34750.0,27500.0,39000.0,43000.0,39500.0,31000.0,26850.0,30350.0,26000.0,38000.0,27500.0,32500.0,48700.0,23350.0,32500.0,70000.0,25000.0,25350.0,33900.0,28350.0,38350.0,50500.0,40000.0,42500.0,66200.0,41000.0
2026-07-02,36700.0,35400.0,33350.0,41350.0,34650.0,40000.0,28350.0,34750.0,27500.0,39000.0,43000.0,39500.0,31000.0,26850.0,30350.0,26000.0,38000.0,27500.0,32500.0,48700.0,23350.0,32500.0,70000.0,25000.0,25350.0,33900.0,28350.0,38350.0,50500.0,40000.0,42500.0,66200.0,41000.0
2026-07-03,36700.0,35400.0,33350.0,41350.0,34650.0,40000.0,28350.0,34750.0,27500.0,39000.0,43000.0,39500.0,31000.0,26850.0,30350.0,26000.0,38000.0,27500.0,32500.0,48700.0,23350.0,32500.0,70000.0,25000.0,25350.0,33900.0,28350.0,38350.0,50500.0,40000.0,42500.0,66200.0,41000.0
2026-07-04,36700.0,35400.0,33350.0,41350.0,34650.0,40000.0,28350.0,34750.0,27500.0,39000.0,43000.0,39500.0,31000.0,26850.0,30350.0,26000.0,38000.0,27500.0,32500.0,48700.0,23350.0,32500.0,70000.0,25000.0,25350.0,33900.0,28350.0,38350.0,50500.0,40000.0,42500.0,66200.0,41000.0
2026-07-05,36700.0,35400.0,33350.0,41350.0,34650.0,40000.0,28350.0,34750.0,27500.0,39000.0,43000.0,39500.0,31000.0,26850.0,30350.0,26000.0,38000.0,27500.0,32500.0,48700.0,23350.0,32500.0,70000.0,25000.0,25350.0,33900.0,28350.0,38350.0,50500.0,40000.0,42500.0,66200.0,41000.0
2026-07-06,36700.0,35400.0,33350.0,41350.0,34650.0,40000.0,28350.0,34750.0,27500.0,39000.0,43000.0,39500.0,31000.0,26850.0,30350.0,26000.0,38000.0,27500.0,32500.0,48700.0,23350.0,32500.0,70000.0,25000.0,25350.0,33900.0,28350.0,38350.0,50500.0,40000.0,42500.0,66200.0,41000.0
2026-07-07,36700.0,35400.0,33350.0,41350.0,34650.0,40000.0,28350.0,34750.0,27500.0,39000.0,43000.0,39500.0,31000.0,26850.0,30350.0,26000.0,38000.0,27500.0,32500.0,48700.0,23350.0,32500.0,70000.0,25000.0,25350.0,33900.0,28350.0,38350.0,50500.0,40000.0,42500.0,66200.0,41000.0
2026-07-08,36700.0,35400.0,33350.0,41350.0,34650.0,40000.0,28350.0,34750.0,27500.0,39000.0,43000.0,39500.0,31000.0,26850.0,30350.0,26000.0,38000.0,27500.0,32500.0,48700.0,23350.0,32500.0,70000.0,25000.0,25350.0,33900.0,28350.0,38350.0,50500.0,40000.0,42500.0,66200.0,41000.0
2026-07-09,36700.0,35400.0,33350.0,41350.0,34650.0,40000.0,28350.0,34750.0,27500.0,39000.0,43000.0,39500.0,31000.0,26850.0,30350.0,26000.0,38000.0,27500.0,32500.0,48700.0,23350.0,32500.0,70000.0,25000.0,25350.0,33900.0,28350.0,38350.0,50500.0,40000.0,42500.0,66200.0,41000.0
2026-07-10,36700.0,35400.0,33350.0,41350.0,34650.0,40000.0,28350.0,34750.0,27500.0,39000.0,43000.0,39500.0,31000.0,26850.0,30350.0,26000.0,38000.0,27500.0,32500.0,48700.0,23350.0,32500.0,70000.0,25000.0,25350.0,33900.0,28350.0,38350.0,50500.0,40000.0,42500.0,66200.0,41000.0
2026-07-11,36700.0,35400.0,33350.0,41350.0,34650.0,40000.0,28350.0,34750.0,27500.0,39000.0,43000.0,39500.0,31000.0,26850.0,30350.0,26000.0,38000.0,27500.0,32500.0,48700.0,23350.0,32500.0,70000.0,25000.0,25350.0,33900.0,28350.0,38350.0,50500.0,40000.0,42500.0,66200.0,41000.0
2026-07-12,36700.0,35400.0,33350.0,41350.0,34650.0,40000.0,28350.0,34750.0,27500.0,39000.0,43000.0,39500.0,31000.0,26850.0,30350.0,26000.0,38000.0,27500.0,32500.0,48700.0,23350.0,32500.0,70000.0,25000.0,25350.0,33900.0,28350.0,38350.0,50500.0,40000.0,42500.0,66200.0,41000.0
2026-07-13,36700.0,35400.0,33350.0,41350.0,34650.0,40000.0,28350.0,34750.0,27500.0,39000.0,43000.0,39500.0,31000.0,26850.0,30350.0,26000.0,38000.0,27500.0,32500.0,48700.0,23350.0,32500.0,70000.0,25000.0,25350.0,33900.0,28350.0,38350.0,50500.0,40000.0,42500.0,66200.0,41000.0
2026-07-14,36700.0,35400.0,33350.0,41350.0,34650.0,40000.0,28350.0,34750.0,27500.0,39000.0,43000.0,39500.0,31000.0,26850.0,30350.0,26000.0,38000.0,27500.0,32500.0,48700.0,23350.0,32500.0,70000.0,25000.0,25350.0,33900.0,28350.0,38350.0,50500.0,40000.0,42500.0,66200.0,41000.0
2026-07-15,36700.0,35400.0,33350.0,41350.0,34650.0,40000.0,28350.0,34750.0,27500.0,39000.0,43000.0,39500.0,31000.0,26850.0,30350.0,26000.0,38000.0,27500.0,32500.0,48700.0,23350.0,32500.0,70000.0,25000.0,25350.0,33900.0,28350.0,38350.0,50500.0,40000.0,42500.0,66200.0,41000.0
2026-07-16,36700.0,35400.0,33350.0,41350.0,34650.0,40000.0,28350.0,34750.0,27500.0,39000.0,43000.0,39500.0,31000.0,26850.0,30350.0,26000.0,38000.0,27500.0,32500.0,48700.0,23350.0,32500.0,70000.0,25000.0,25350.0,33900.0,28350.0,38350.0,50500.0,40000.0,42500.0,66200.0,41000.0
2026-07-17,36700.0,35400.0,33350.0,41350.0,34650.0,40000.0,28350.0,34750.0,27500.0,39000.0,43000.0,39500.0,31000.0,26850.0,30350.0,26000.0,38000.0,27500.0,32500.0,48700.0,23350.0,32500.0,70000.0,25000.0,25350.0,33900.0,28350.0,38350.0,50500.0,40000.0,42500.0,66200.0,41000.0
